Name,Channel,ChannelOrder,n_width,n_half_width,n_1_width,ChannelWidthAvg,ChannelLength,NormChannelWidth,NormChannelLength,Hydroclimate,Type,
Atchafalaya,1,1,1272,1136,1348,1252.0,7269,1.0,5.8,2,River-dominated,
Atchafalaya,2,2,327,214,273,271.3,5619,0.2,4.5,2,River-dominated,
Atchafalaya,3,2,1007,871,1237,1038.3,4666,0.8,3.7,2,River-dominated,
Atchafalaya,4,2,78,116,155,116.3,7129,0.1,5.7,2,River-dominated,
Atchafalaya,5,3,64,104,144,104.0,2830,0.1,2.3,2,River-dominated,
Atchafalaya,6,3,412,505,573,496.7,2106,0.4,1.7,2,River-dominated,
Atchafalaya,7,3,249,211,214,224.7,1989,0.2,1.6,2,River-dominated,
Atchafalaya,8,3,799,749,876,808.0,3660,0.6,2.9,2,River-dominated,
Atchafalaya,9,3,41,34,36,37.0,744,0.0,0.6,2,River-dominated,
Atchafalaya,10,3,130,103,135,122.7,595,0.1,0.5,2,River-dominated,
Atchafalaya,11,4,36,55,57,49.3,1393,0.0,1.1,2,River-dominated,
Atchafalaya,12,4,228,163,241,210.7,2096,0.2,1.7,2,River-dominated,
Atchafalaya,13,4,325,151,258,244.7,1328,0.2,1.1,2,River-dominated,
Atchafalaya,14,4,70,143,159,124.0,5618,0.1,4.5,2,River-dominated,
Atchafalaya,15,4,48,65,94,69.0,3924,0.1,3.1,2,River-dominated,
Atchafalaya,16,4,21,27,57,35.0,780,0.0,0.6,2,River-dominated,
Atchafalaya,17,4,22,12,17,17.0,981,0.0,0.8,2,River-dominated,
Atchafalaya,18,4,81,54,66,67.0,978,0.1,0.8,2,River-dominated,
Atchafalaya,19,4,569,522,428,506.3,3156,0.4,2.5,2,River-dominated,
Atchafalaya,20,5,12,11,12,11.7,1020,0.0,0.8,2,River-dominated,
Atchafalaya,21,5,38,33,42,37.7,1445,0.0,1.2,2,River-dominated,
Atchafalaya,22,5,82,99,112,97.7,1590,0.1,1.3,2,River-dominated,
Atchafalaya,23,5,156,132,207,165.0,2160,0.1,1.7,2,River-dominated,
Atchafalaya,24,5,215,210,249,224.7,4625,0.2,3.7,2,River-dominated,
Atchafalaya,25,5,108,147,109,121.3,1041,0.1,0.8,2,River-dominated,
Atchafalaya,26,6,25,31,43,33.0,1206,0.0,1.0,2,River-dominated,
Atchafalaya,27,6,20,19,31,23.3,920,0.0,0.7,2,River-dominated,
Atchafalaya,28,6,152,130,113,131.7,958,0.1,0.8,2,River-dominated,
Atchafalaya,29,6,159,160,185,168.0,1119,0.1,0.9,2,River-dominated,
Atchafalaya,30,6,42,51,61,51.3,3041,0.0,2.4,2,River-dominated,
Atchafalaya,31,7,34,34,21,29.7,908,0.0,0.7,2,River-dominated,
Atchafalaya,32,7,39,36,43,39.3,797,0.0,0.6,2,River-dominated,
Atchafalaya,33,4,106,177,109,130.7,507,0.1,0.4,2,River-dominated,
Atchafalaya,34,4,66,67,56,63.0,1387,0.1,1.1,2,River-dominated,
Atchafalaya,35,7,21,17,15,17.7,300,0.0,0.2,2,River-dominated,
Atchafalaya,36,7,10,8,12,10.0,167,0.0,0.1,2,River-dominated,
Atchafalaya,37,7,138,140,166,148.0,253,0.1,0.2,2,River-dominated,
Atchafalaya,38,7,59,66,75,66.7,596,0.1,0.5,2,River-dominated,
Atchafalaya,39,7,170,155,165,163.3,430,0.1,0.3,2,River-dominated,
Atchafalaya,40,7,54,47,40,47.0,645,0.0,0.5,2,River-dominated,
Athabasca,1,1,398,336,289,341.0,44792.0,1.0,131.4,6,River-dominated,
Athabasca,2,2,66,97,364,175.7,35446.0,0.5,103.9,6,River-dominated,
Athabasca,3,2,236,105,463,268.0,27302.0,0.8,80.1,6,River-dominated,
Athabasca,4,3,105,94,93,97.3,5946.0,0.3,17.4,6,River-dominated,
Athabasca,5,3,354,358,410,374.0,800.0,1.1,2.3,6,River-dominated,
Athabasca,6,4,184,197,204,195.0,3570.0,0.6,10.5,6,River-dominated,
Athabasca,7,4,126,129,211,155.3,2874.0,0.5,8.4,6,River-dominated,
Athabasca,8,3,375,198,211,261.3,5411.0,0.8,15.9,6,River-dominated,
Athabasca,9,3,232,192,230,218.0,9464.0,0.6,27.8,6,River-dominated,
Athabasca,10,4,210,126,169,168.3,4036.0,0.5,11.8,6,River-dominated,
Athabasca,11,4,94,127,127,116.0,2990.0,0.3,8.8,6,River-dominated,
Athabasca,12,4,65,93,128,95.3,2229.0,0.3,6.5,6,River-dominated,
Athabasca,13,4,121,127,211,153.0,1448.0,0.4,4.2,6,River-dominated,
Athabasca,14,5,31,75,8,38.0,981.0,0.1,2.9,6,River-dominated,
Athabasca,15,5,59,51,82,64.0,2595.0,0.2,7.6,6,River-dominated,
Athabasca,16,6,37,47,44,42.7,942.0,0.1,2.8,6,River-dominated,
Athabasca,17,6,27,16,20,21.0,1009.0,0.1,3.0,6,River-dominated,
Athabasca,18,5,49,48,62,53.0,936.0,0.2,2.7,6,River-dominated,
Athabasca,19,5,75,89,74,79.3,703.0,0.2,2.1,6,River-dominated,
Athabasca,20,5,109,90,56,85.0,1102.0,0.2,3.2,6,River-dominated,
Athabasca,21,5,126,58,72,85.3,1040.0,0.3,3.0,6,River-dominated,
Athabasca,22,6,25,33,30,29.3,944.0,0.1,2.8,6,River-dominated,
Athabasca,23,7,58,47,41,48.7,1154.0,0.1,3.4,6,River-dominated,
Athabasca,24,6,21,11,26,19.3,724.0,0.1,2.1,6,River-dominated,
Athabasca,25,6,70,48,62,60.0,788.0,0.2,2.3,6,River-dominated,
Athabasca,26,6,58,47,41,48.7,1154.0,0.1,3.4,6,River-dominated,
Athabasca,27,7,11,17,11,13.0,677.0,0.0,2.0,6,River-dominated,
Athabasca,28,8,9,9,9,9.0,155.0,0.0,0.5,6,River-dominated,
Athabasca,29,8,7,6,9,7.3,101.0,0.0,0.3,6,River-dominated,
Athabasca,30,7,49,64,6,39.7,227.0,0.1,0.7,6,River-dominated,
Athabasca,31,7,9,10,21,13.3,328.0,0.0,1.0,6,River-dominated,
Athabasca,32,8,26,17,19,20.7,403.0,0.1,1.2,6,River-dominated,
Athabasca,33,8,36,36,39,37.0,104.0,0.1,0.3,6,River-dominated,
Athabasca,34,8,14,11,20,15.0,193.0,0.0,0.6,6,River-dominated,
Athabasca,35,8,14,15,13,14.0,176.0,0.0,0.5,6,River-dominated,
Athabasca,36,9,10,11,12,11.0,142.0,0.0,0.4,6,River-dominated,
Athabasca,37,9,17,19,18,18.0,376.0,0.1,1.1,6,River-dominated,
Athabasca,38,9,19,17,21,19.0,413.0,0.1,1.2,6,River-dominated,
Athabasca,39,9,20,20,15,18.3,310.0,0.1,0.9,6,River-dominated,
Athabasca,40,10,8,8,7,7.7,85.0,0.0,0.2,6,River-dominated,
Athabasca,41,10,10,10,8,9.3,98.0,0.0,0.3,6,River-dominated,
Athabasca,42,10,10,6,10,8.7,77.0,0.0,0.2,6,River-dominated,
Athabasca,43,10,13,14,11,12.7,239.0,0.0,0.7,6,River-dominated,
Athabasca,44,10,21,11,9,13.7,206.0,0.0,0.6,6,River-dominated,
Athabasca,45,10,4,5,5,4.7,50.0,0.0,0.1,6,River-dominated,
Athabasca,46,10,5,5,3,4.3,63.0,0.0,0.2,6,River-dominated,
Athabasca,47,9,13,10,8,10.3,68.0,0.0,0.2,6,River-dominated,
Athabasca,48,9,11,7,11,9.7,75.0,0.0,0.2,6,River-dominated,
Athabasca,49,10,11,8,6,8.3,41.0,0.0,0.1,6,River-dominated,
Athabasca,50,10,6,5,6,5.7,48.0,0.0,0.1,6,River-dominated,
Athabasca,51,9,13,10,9,10.7,97.0,0.0,0.3,6,River-dominated,
Athabasca,52,9,18,14,15,15.7,71.0,0.0,0.2,6,River-dominated,
Atrato,1,1,331,301,487,373.0,33703.2,1.0,90.4,6,River-dominated,
Atrato,2,2,95,112,103,103.3,30221.3,0.3,81.0,1,River-dominated,
Atrato,3,2,371,363,369,367.7,21962.9,1.0,58.9,1,River-dominated,
Atrato,4,3,111,102,116,109.7,6732.7,0.3,18.1,1,River-dominated,
Atrato,5,3,10,8,29,15.7,6456.2,0.0,17.3,1,River-dominated,
Atrato,6,4,93,67,120,93.3,1202.8,0.3,3.2,1,River-dominated,
Atrato,7,4,71,97,155,107.7,1074.9,0.3,2.9,1,River-dominated,
Atrato,8,4,26,25,8,19.7,789.3,0.1,2.1,1,River-dominated,
Atrato,9,4,53,36,63,50.7,269.5,0.1,0.7,1,River-dominated,
Atrato,10,3,147,132,189,156.0,8176.3,0.4,21.9,1,River-dominated,
Atrato,11,3,321,248,239,269.3,14346.5,0.7,38.5,1,River-dominated,
Atrato,12,4,46,46,66,52.7,4960.6,0.1,13.3,1,River-dominated,
Atrato,13,4,154,101,134,129.7,2764.9,0.3,7.4,1,River-dominated,
Atrato,14,5,17,6,15,12.7,930.4,0.0,2.5,1,River-dominated,
Atrato,15,5,61,35,44,46.7,994.2,0.1,2.7,1,River-dominated,
Atrato,16,6,21,26,27,24.7,438.1,0.1,1.2,1,River-dominated,
Atrato,17,6,39,42,43,41.3,126.0,0.1,0.3,1,River-dominated,
Atrato,18,7,9,6,26,13.7,596.0,0.0,1.6,1,River-dominated,
Atrato,19,7,36,48,59,47.7,1095.5,0.1,2.9,1,River-dominated,
Atrato,20,5,15,15,16,15.3,1476.1,0.0,4.0,1,River-dominated,
Atrato,21,5,123,106,216,148.3,6605.0,0.4,17.7,1,River-dominated,
Atrato,22,6,14,12,9,11.7,430.8,0.0,1.2,1,River-dominated,
Atrato,23,6,16,8,12,12.0,166.3,0.0,0.4,1,River-dominated,
Atrato,24,7,6,6,15,9.0,154.1,0.0,0.4,1,River-dominated,
Atrato,25,7,7,2,3,4.0,189.1,0.0,0.5,1,River-dominated,
Atrato,26,4,28,196,320,181.3,644.4,0.5,1.7,1,River-dominated,
Atrato,27,4,221,330,479,343.3,961.0,0.9,2.6,1,River-dominated,
Atrato,28,5,58,40,56,51.3,2926.0,0.1,7.8,1,River-dominated,
Atrato,29,5,553,424,610,529.0,2334.2,1.4,6.3,1,River-dominated,
Atrato,30,5,38,31,100,56.3,1855.3,0.2,5.0,1,River-dominated,
Atrato,31,5,266,190,254,236.7,972.7,0.6,2.6,1,River-dominated,
Atrato,32,6,305,179,212,232.0,2160.4,0.6,5.8,1,River-dominated,
Atrato,33,6,39,31,36,35.3,1832.9,0.1,4.9,1,River-dominated,
Atrato,34,6,555,518,550,541.0,904.9,1.5,2.4,1,River-dominated,
Atrato,35,7,161,150,138,149.7,885.4,0.4,2.4,1,River-dominated,
Atrato,37,7,270,186,126,194.0,825.8,0.5,2.2,1,River-dominated,
Atrato,38,6,117,84,84,95.0,1083.0,0.3,2.9,1,River-dominated,
Atrato,40,6,152,173,8,111.0,325.9,0.3,0.9,1,River-dominated,
Atrato,41,7,74,82,8,54.7,748.4,0.1,2.0,1,River-dominated,
Atrato,42,7,86,87,104,92.3,269.3,0.2,0.7,1,River-dominated,
Atrato,43,8,53,42,51,48.7,417.5,0.1,1.1,1,River-dominated,
Atrato,44,8,48,65,74,62.3,354.3,0.2,0.9,1,River-dominated,
Atrato,45,9,28,48,85,53.7,154.9,0.1,0.4,1,River-dominated,
Atrato,46,9,34,24,23,27.0,95.2,0.1,0.3,1,River-dominated,
Apalachicola,1,1,243,283.07,187.39,237.8,3489.0,1.0,14.7,2,River-dominated,
Apalachicola,2,2,138.42,131.68,145.71,138.6,3483.0,0.6,14.6,2,River-dominated,
Apalachicola,3,2,242.1,254.42,304.14,266.9,7713.0,1.1,32.4,2,River-dominated,
Apalachicola,4,3,81.49,106.11,98.75,95.5,11704.0,0.4,49.2,2,River-dominated,
Apalachicola,5,3,75.85,34.68,77.8,62.8,6869.0,0.3,28.9,2,River-dominated,
Apalachicola,6,4,27.44,57.61,43.58,42.9,7572.0,0.2,31.8,2,River-dominated,
Apalachicola,7,4,104.14,161.1,139.08,134.8,3314.0,0.6,13.9,2,River-dominated,
Apalachicola,8,4,61.27,113.17,223.59,132.7,7173.0,0.6,30.2,2,River-dominated,
Apalachicola,9,4,57.82,76.21,110.38,81.5,9028.0,0.3,38.0,2,River-dominated,
Apalachicola,10,5,110.57,90.32,77.45,92.8,1780.0,0.4,7.5,2,River-dominated,
Apalachicola,11,5,156.42,166.64,201.22,174.8,693.0,0.7,2.9,2,River-dominated,
Apalachicola,12,5,141.05,84.39,134.96,120.1,2132.0,0.5,9.0,2,River-dominated,
Apalachicola,13,5,56.31,68.71,81.22,68.7,1359.0,0.3,5.7,2,River-dominated,
Apalachicola,14,6,52.44,62.79,49.39,54.9,1749.0,0.2,7.4,2,River-dominated,
Apalachicola,15,6,106.24,102.6,187.07,132.0,1752.0,0.6,7.4,2,River-dominated,
Apalachicola,16,6,15.79,1.8,36,17.9,1287.0,0.1,5.4,2,River-dominated,
Apalachicola,17,6,62.05,85.44,152.18,99.9,2533.0,0.4,10.7,2,River-dominated,
Apalachicola,18,7,87.71,83.63,91.43,87.6,321.0,0.4,1.3,2,River-dominated,
Apalachicola,19,7,45.3,38.47,42.75,42.2,211.0,0.2,0.9,2,River-dominated,
Apalachicola,20,7,43.81,21.8,19.14,28.3,938.0,0.1,3.9,2,River-dominated,
Apalachicola,21,7,116.04,96.04,131.74,114.6,1347.0,0.5,5.7,2,River-dominated,
Apalachicola,22,7,52.72,46.79,41.45,47.0,510.0,0.2,2.1,2,River-dominated,
Apalachicola,23,7,23.71,30.57,26.58,27.0,738.0,0.1,3.1,2,River-dominated,
Apalachicola,24,7,49.98,45.85,44.53,46.8,527.0,0.2,2.2,2,River-dominated,
Apalachicola,25,7,46.4,39.95,35.14,40.5,205.0,0.2,0.9,2,River-dominated,
Apalachicola,26,7,84,63,64,70.3,482.0,0.3,2.0,2,River-dominated,
Apalachicola,27,7,59.36,51.9,55.23,55.5,383.0,0.2,1.6,2,River-dominated,
Apalachicola,28,8,12.92,9.22,8.41,10.2,152.0,0.0,0.6,2,River-dominated,
Apalachicola,29,8,11.34,8.73,3.41,7.8,134.0,0.0,0.6,2,River-dominated,
Ayeyarwady,1,1,776,897,697,790.0,44187,1.0,55.9,2,River-dominated,
Ayeyarwady,2,2,722,884,1068,891.3,20531,1.1,26.0,2,River-dominated,
Ayeyarwady,3,2,591,573,420,528.0,1821,0.7,2.3,2,River-dominated,
Ayeyarwady,4,3,415,520,903,612.7,21008,0.8,26.6,2,River-dominated,
Ayeyarwady,5,3,168,262,375,268.3,27692,0.3,35.1,2,River-dominated,
Burdekin,1,1,860,743,949,850.7,29896,1.0,35.1,3,River-dominated,
Burdekin,2,2,426,174,190,263.3,7129,0.3,8.4,3,River-dominated,
Burdekin,3,2,116,142,140,132.7,8968,0.2,10.5,3,River-dominated,
Burdekin,3,3,142,248,431,273.7,5218,0.3,6.1,3,River-dominated,
Burdekin,4,3,164,254,191,203.0,5764,0.2,6.8,3,River-dominated,
Burdekin,5,3,138,143,250,177.0,3309,0.2,3.9,3,River-dominated,
Burdekin,6,3,14,12,46,24.0,3146,0.0,3.7,3,River-dominated,
Burdekin,7,4,90,126,99,105.0,515,0.1,0.6,3,River-dominated,
Burdekin,8,4,310,225,165,233.3,491,0.3,0.6,3,River-dominated,
Burdekin,9,4,31,26,32,29.7,1162,0.0,1.4,3,River-dominated,
Burdekin,10,4,32,30,32,31.3,1093,0.0,1.3,3,River-dominated,
Colville,1,1,2370,1491,2800,2220.3,131833,1.0,59.4,6,River-dominated,
Colville,2,2,1381,1660,1666,1569.0,98290,0.7,44.3,6,River-dominated,
Colville,3,2,2722,2990,3125,2945.7,59208,1.3,26.7,6,River-dominated,
Colville,4,2,703,610,670,661.0,49685,0.3,22.4,6,River-dominated,
Colville,5,3,1983,1449,2260,1897.3,7200,0.9,3.2,6,River-dominated,
Colville,6,3,480,436,433,449.7,1683,0.2,0.8,6,River-dominated,
Colville,7,3,697,608,702,669.0,17257,0.3,7.8,6,River-dominated,
Colville,8,3,220,229,79,176.0,25586,0.1,11.5,6,River-dominated,
Colville,9,3,2001,1304,1212,1505.7,11162,0.7,5.0,6,River-dominated,
Colville,10,3,2508,4136,3345,3329.7,14989,1.5,6.8,6,River-dominated,
Colville,11,4,1484,949,586,1006.3,6258,0.5,2.8,6,River-dominated,
Colville,12,4,1254,1063,890,1069.0,6408,0.5,2.9,6,River-dominated,
Colville,13,4,228,422,139,263.0,8518,0.1,3.8,6,River-dominated,
Colville,14,4,417,520,438,458.3,8870,0.2,4.0,6,River-dominated,
Colville,15,4,1365,1098,775,1079.3,4429,0.5,2.0,6,River-dominated,
Colville,16,4,333,314,378,341.7,8019,0.2,3.6,6,River-dominated,
Colville,17,4,1045,584,798,809.0,15553,0.4,7.0,6,River-dominated,
Colville,18,4,741,855,822,806.0,8277,0.4,3.7,6,River-dominated,
Colville,19,4,2760,1766,1306,1944.0,22212,0.9,10.0,6,River-dominated,
Colville,20,4,1679,2043,2405,2042.3,20256,0.9,9.1,6,River-dominated,
Colville,21,5,708,338,109,385.0,6596,0.2,3.0,6,River-dominated,
Colville,22,5,217,454,323,331.3,4631,0.1,2.1,6,River-dominated,
Colville,23,5,685,594,330,536.3,12611,0.2,5.7,6,River-dominated,
Colville,24,5,247,552,404,401.0,11987,0.2,5.4,6,River-dominated,
Colville,25,5,306,553,387,415.3,22847,0.2,10.3,6,River-dominated,
Colville,26,5,868,1220,1400,1162.7,15401,0.5,6.9,6,River-dominated,
Colville,27,5,2757,2207,1891,2285.0,4600,1.0,2.1,6,River-dominated,
Colville,28,5,1085,812,924,940.3,6853,0.4,3.1,6,River-dominated,
Danube,1,1,1416,646,580,880.7,48269,1.0,54.8,6,River-dominated,
Danube,2,2,429,619,690,579.3,23980,0.8,27.2,6,River-dominated,
Danube,3,2,559,482,475,505.3,142250,0.6,161.5,6,River-dominated,
Danube,4,3,435,330,587,450.7,112292,0.5,127.5,6,River-dominated,
Danube,5,3,131,196,248,191.7,97508,0.4,110.7,6,River-dominated,
Danube,6,3,704,661,622,662.3,10632,0.5,12.1,6,River-dominated,
Danube,7,3,157,295,551,334.3,12676,0.6,14.4,6,River-dominated,
Danube,8,4,45,50,34,43.0,9773,0.2,11.1,6,River-dominated,
Danube,9,4,454,403,409,422.0,5111,0.3,5.8,6,River-dominated,
Danube,10,4,260,278,285,274.3,13446,0.4,15.3,6,River-dominated,
Danube,11,4,92,93,95,93.3,89338,0.2,101.4,6,River-dominated,
Danube,12,4,205,245,328,259.3,5857,0.2,6.7,6,River-dominated,
Danube,13,5,135,204,232,190.3,1393,0.3,1.6,6,River-dominated,
Danube,14,5,135,124,195,151.3,4332,0.2,4.9,6,River-dominated,
Danube,15,6,86,70,60,72.0,6115,0.1,6.9,6,River-dominated,
Danube,16,6,108,174,324,202.0,5581,0.2,6.3,6,River-dominated,
Danube,17,6,93,177,191,153.7,3729,0.2,4.2,6,River-dominated,
Danube,18,6,72,100,82,84.7,2357,0.1,2.7,6,River-dominated,
Danube,19,5,374,347,656,459.0,15086,0.3,17.1,6,River-dominated,
Danube,20,5,90,79,75,81.3,10206,0.3,11.6,6,River-dominated,
Dnieper,1,1,859,849,590,766.0,25583,1.0,33.4,4,River-dominated,
Dnieper,2,2,220,451,319,330.0,32112,0.4,41.9,4,River-dominated,
Dnieper,3,2,408,303,847,519.3,15336,0.7,20.0,4,River-dominated,
Dnieper,4,3,928,710,881,839.7,13701,1.1,17.9,4,River-dominated,
Dnieper,5,3,382,464,429,425.0,8692,0.6,11.3,4,River-dominated,
Dnieper,6,4,1106,1018,1042,1055.3,3432,1.4,4.5,4,River-dominated,
Dnieper,7,4,290,225,288,267.7,3877,0.3,5.1,4,River-dominated,
Dnieper,8,4,140,165,110,138.3,5894,0.2,7.7,4,River-dominated,
Dnieper,9,4,390,356,372,372.7,2471,0.5,3.2,4,River-dominated,
Dnieper,10,5,103,150,143,132.0,3154,0.2,4.1,4,River-dominated,
Dnieper,11,5,372,386,414,390.7,2930,0.5,3.8,4,River-dominated,
Dnieper,12,6,335,226,234,265.0,1368,0.3,1.8,4,River-dominated,
Dnieper,13,6,107,92,73,90.7,2164,0.1,2.8,4,River-dominated,
Don,1,1,266,271,356,297.7,10936,1.0,36.7,6,River-dominated,
Don,2,2,191,496,406,364.3,19344,1.2,65.0,6,River-dominated,
Don,3,2,407,428,376,403.7,21464,1.4,72.1,6,River-dominated,
Don,4,3,393,446,741,526.7,10250,1.8,34.4,6,River-dominated,
Don,5,3,868,477,314,553.0,12064,1.9,40.5,6,River-dominated,
Don,6,3,506,259,533,432.7,3882,1.5,13.0,6,River-dominated,
Don,7,3,700,564,533,599.0,2394,2.0,8.0,6,River-dominated,
Don,8,3,136,137,209,160.7,4075,0.5,13.7,6,River-dominated,
Don,9,4,152,176,156,161.3,2710,0.5,9.1,6,River-dominated,
Don,10,4,410,401,445,418.7,3526,1.4,11.8,6,River-dominated,
Don,11,4,125,125,65,105.0,1853,0.4,6.2,6,River-dominated,
Don,12,4,491,511,597,533.0,1372,1.8,4.6,6,River-dominated,
Don,13,4,382,352,380,371.3,5518,1.2,18.5,6,River-dominated,
Don,14,4,74,75,96,81.7,4258,0.3,14.3,6,River-dominated,
Don,15,4,145,106,106,119.0,2695,0.4,9.1,6,River-dominated,
Don,16,4,82,84,108,91.3,3042,0.3,10.2,6,River-dominated,
Don,17,5,47,53,39,46.3,1777,0.2,6.0,6,River-dominated,
Don,18,5,192,204,239,211.7,4943,0.7,16.6,6,River-dominated,
Don,19,5,159,67,79,101.7,2835,0.3,9.5,6,River-dominated,
Don,20,5,357,518,567,480.7,3618,1.6,12.2,6,River-dominated,
Don,21,5,38,28,45,37.0,537,0.1,1.8,6,River-dominated,
Don,22,5,87,84,71,80.7,783,0.3,2.6,6,River-dominated,
Don,23,6,29,33,36,32.7,3234,0.1,10.9,6,River-dominated,
Don,24,6,31,34,38,34.3,2799,0.1,9.4,6,River-dominated,
Don,25,6,49,47,60,52.0,2766,0.2,9.3,6,River-dominated,
Don,26,6,45,52,45,47.3,3189,0.2,10.7,6,River-dominated,
Don,27,6,158,162,172,164.0,1533,0.6,5.2,6,River-dominated,
Don,28,6,648,738,1006,797.3,1954,2.7,6.6,6,River-dominated,
Dvina,1,1,2253,2922,1681,2285.3,217271,1.0,95.1,6,River-dominated,
Dvina,2,2,1765,4488,5988,4080.3,78097,1.8,34.2,6,River-dominated,
Dvina,3,2,3658,2199,2302,2719.7,21112,1.2,9.2,6,River-dominated,
Dvina,4,3,574,736,997,769.0,9841,0.3,4.3,6,River-dominated,
Dvina,5,3,1933,1989,1728,1883.3,9841,0.8,4.3,6,River-dominated,
Dvina,6,4,1145,1041,1108,1098.0,29956,0.5,13.1,6,River-dominated,
Dvina,7,4,3387,2689,1833,2636.3,15545,1.2,6.8,6,River-dominated,
Dvina,8,5,174,39-,414,294.0,10531,0.1,4.6,6,River-dominated,
Dvina,9,5,2136,1357,1982,1825.0,8129,0.8,3.6,6,River-dominated,
Dvina,10,6,254,247,353,284.7,2464,0.1,1.1,6,River-dominated,
Dvina,11,6,325,378,278,327.0,3785,0.1,1.7,6,River-dominated,
Dvina,12,7,293,440,570,434.3,7752,0.2,3.4,6,River-dominated,
Dvina,13,7,109,139,174,140.7,11384,0.1,5.0,6,River-dominated,
Dvina,14,5,173,310,408,297.0,17275,0.1,7.6,6,River-dominated,
Dvina,15,5,914,2381,1875,1723.3,14928,0.8,6.5,6,River-dominated,
Dvina,16,6,134,213,226,191.0,5876,0.1,2.6,6,River-dominated,
Dvina,17,6,302,525,393,406.7,4859,0.2,2.1,6,River-dominated,
Dvina,18,7,42,51,51,48.0,889,0.0,0.4,6,River-dominated,
Dvina,19,7,219,292,253,254.7,3267,0.1,1.4,6,River-dominated,
Dvina,20,7,357,327,398,360.7,5716,0.2,2.5,6,River-dominated,
Dvina,21,7,321,294,278,297.7,3638,0.1,1.6,6,River-dominated,
Khovd,1,1,148,142,126,138.7,17866,1.0,128.8,4,River-dominated,
Khovd,2,2,70,85,78,77.7,30454,0.6,219.6,4,River-dominated,
Khovd,3,2,75,84,52,70.3,13382,0.5,96.5,4,River-dominated,
Khovd,4,3,23,18,16,19.0,31416,0.1,226.6,4,River-dominated,
Khovd,5,3,70,75,40,61.7,35903,0.4,258.9,4,River-dominated,
Khovd,6,3,18,45,63,42.0,12204,0.3,88.0,4,River-dominated,
Khovd,7,3,49,24,37,36.7,20636,0.3,148.8,4,River-dominated,
Khovd,8,4,21,21,26,22.7,3748,0.2,27.0,4,River-dominated,
Khovd,9,4,13,19,21,17.7,1630,0.1,11.8,4,River-dominated,
Khovd,10,4,4,6,13,7.7,26248,0.1,189.3,4,River-dominated,
Khovd,11,4,42,28,13,27.7,18685,0.2,134.7,4,River-dominated,
Khovd,12,5,41,47,67,51.7,1451,0.4,10.5,4,River-dominated,
Khovd,13,5,32,28,28,29.3,625,0.2,4.5,4,River-dominated,
Khovd,14,6,8,7,7,7.3,192,0.1,1.4,4,River-dominated,
Khovd,15,6,19,18,30,22.3,371,0.2,2.7,4,River-dominated,
Khovd,16,7,20,12,24,18.7,143,0.1,1.0,4,River-dominated,
Khovd,17,7,10,9,16,11.7,245,0.1,1.8,4,River-dominated,
Kobuk,1,1,1469,1294,1134,1299.0,200391.0,1.0,154.3,6,River-dominated,
Kobuk,2,2,578,478,1158,738.0,89907.0,0.6,69.2,6,River-dominated,
Kobuk,3,3,1284,655,1026,988.3,932270.0,0.8,717.7,6,River-dominated,
Kobuk,4,4,382,424,524,443.3,11438.0,0.3,8.8,6,River-dominated,
Kobuk,5,4,794,806,532,710.7,8083.0,0.5,6.2,6,River-dominated,
Kobuk,6,5,139,304,426,289.7,7938.0,0.2,6.1,6,River-dominated,
Kobuk,7,5,431,327,418,392.0,7238.0,0.3,5.6,6,River-dominated,
Kobuk,8,6,210,245,358,271.0,4795.0,0.2,3.7,6,River-dominated,
Kobuk,9,6,119,171,136,142.0,4137.0,0.1,3.2,6,River-dominated,
Kobuk,10,6,334,342,373,349.7,3604.0,0.3,2.8,6,River-dominated,
Kobuk,11,6,79,109,55,81.0,5101.0,0.1,3.9,6,River-dominated,
Kobuk,12,5,400,355,541,432.0,19882.0,0.3,15.3,6,River-dominated,
Kobuk,13,5,209,880,931,673.3,3170.0,0.5,2.4,6,River-dominated,
Kobuk,14,6,663,634,751,682.7,11810.0,0.5,9.1,6,River-dominated,
Kobuk,15,6,603,322,299,408.0,10888.0,0.3,8.4,6,River-dominated,
Kobuk,16,6,464,402,357,407.7,20839.0,0.3,16.0,6,River-dominated,
Kobuk,17,6,182,210,207,199.7,15106.0,0.2,11.6,6,River-dominated,
Kobuk,18,7,178,202,230,203.3,8140.0,0.2,6.3,6,River-dominated,
Kobuk,19,7,120,162,163,148.3,11483.0,0.1,8.8,6,River-dominated,
Kobuk,20,8,101,105,117,107.7,641.0,0.1,0.5,6,River-dominated,
Kobuk,21,8,150,195,189,178.0,301.0,0.1,0.2,6,River-dominated,
Kobuk,22,2,809,420,568,599.0,10291.0,0.5,7.9,6,River-dominated,
Kobuk,23,3,266,501,383,383.3,53331.0,0.3,41.1,6,River-dominated,
Kobuk,24,4,126,152,175,151.0,56519.0,0.1,43.5,6,River-dominated,
Kobuk,25,5,123,217,256,198.7,23992.0,0.2,18.5,6,River-dominated,
Kobuk,26,5,23,35,71,43.0,13419.0,0.0,10.3,6,River-dominated,
Kobuk,27,6,31,205,233,156.3,13496.0,0.1,10.4,6,River-dominated,
Kobuk,28,6,134,316,337,262.3,17581.0,0.2,13.5,6,River-dominated,
Kobuk,29,7,139,194,107,146.7,6200.0,0.1,4.8,6,River-dominated,
Kobuk,30,7,140,180,204,174.7,5994.0,0.1,4.6,6,River-dominated,
Kobuk,31,7,280,241,300,273.7,3260.0,0.2,2.5,6,River-dominated,
Kobuk,32,7,16,59,83,52.7,5983.0,0.0,4.6,6,River-dominated,
Kobuk,33,7,125,94,111,110.0,2775.0,0.1,2.1,6,River-dominated,
Kobuk,34,8,195,200,166,187.0,1626.0,0.1,1.3,6,River-dominated,
Kobuk,35,8,212,208,254,224.7,1605.0,0.2,1.2,6,River-dominated,
Kobuk,36,8,152,262,479,297.7,2518.0,0.2,1.9,6,River-dominated,
Kobuk,37,8,260,166,183,203.0,2501.0,0.2,1.9,6,River-dominated,
Kobuk,38,4,249,153,184,195.3,81790.0,0.2,63.0,6,River-dominated,
Kobuk,39,5,235,280,331,282.0,16897.0,0.2,13.0,6,River-dominated,
Kobuk,40,5,176,305,297,259.3,28706.0,0.2,22.1,6,River-dominated,
Kobuk,41,6,205,234,337,258.7,10973.0,0.2,8.4,6,River-dominated,
Kobuk,42,6,113,85,139,112.3,8804.0,0.1,6.8,6,River-dominated,
Kobuk,43,3,548,526,296,456.7,57639.0,0.4,44.4,6,River-dominated,
Kobuk,44,3,349,296,128,257.7,83886.9,0.2,64.6,6,River-dominated,
Kobuk,45,4,287,394,724,468.3,23028.6,0.4,17.7,6,River-dominated,
Kobuk,46,4,247,198,225,223.3,23449.0,0.2,18.1,6,River-dominated,
Kobuk,47,5,139,168,79,128.7,2238.8,0.1,1.7,6,River-dominated,
Kobuk,48,5,726,800,784,770.0,1729.0,0.6,1.3,6,River-dominated,
Krishna,1,2,1090,1188,1590,1289.3,9400,1.0,7.3,5,Wave-influenced,
Krishna,2,3,792,721,824,779.0,18937,0.4,9.9,5,Wave-influenced,
Krishna,3,3,730,910,1277,972.3,5236,0.5,2.7,5,Wave-influenced,
Krishna,4,4,529,801,810,713.3,14905,0.4,7.8,5,Wave-influenced,
Krishna,5,4,559,503,643,568.3,13425,0.3,7.0,5,Wave-influenced,
Krishna,6,1,1848,1831,2036,1905.0,34733,1.0,18.2,5,Wave-influenced,
Krishna,7,2,237,273,29,179.7,48066,0.1,25.2,5,Wave-influenced,
Lena,1,1,2103,2222,1778,2034.3,44374,1.0,21.8,6,Tide-influenced,
Lena,2,2,1302,1579,721,1200.7,151964,0.6,74.7,6,Tide-influenced,
Lena,3,2,838,1120,954,970.7,70153,0.5,34.5,6,Tide-influenced,
Lena,4,2,594,703,686,661.0,54273,0.3,26.7,6,Tide-influenced,
Lena,5,2,1144,1488,1148,1260.0,28353,0.6,13.9,6,Tide-influenced,
Lena,6,3,394,499,411,434.7,22254,0.2,10.9,6,Tide-influenced,
Lena,7,3,758,1136,858,917.3,43180,0.5,21.2,6,Tide-influenced,
Lena,8,4,864,1295,874,1011.0,14025,0.5,6.9,6,Tide-influenced,
Lena,9,5,584,887,993,821.3,18207,0.4,8.9,6,Tide-influenced,
Lena,10,5,787,797,917,833.7,16730,0.4,8.2,6,Tide-influenced,
Lena,11,4,669,596,486,583.7,41819,0.3,20.6,6,Tide-influenced,
Lena,12,4,323,219,399,313.7,46537,0.2,22.9,6,Tide-influenced,
Lena,13,5,431,539,326,432.0,16408,0.2,8.1,6,Tide-influenced,
Lena,14,5,505,419,557,493.7,21291,0.2,10.5,6,Tide-influenced,
Lena,15,4,435,299,396,376.7,58403,0.2,28.7,6,Tide-influenced,
Lena,16,5,460,662,499,540.3,39463,0.3,19.4,6,Tide-influenced,
Lena,17,5,920,872,1173,988.3,52657,0.5,25.9,6,Tide-influenced,
Lena,18,5,700,894,668,754.0,16644,0.4,8.2,6,Tide-influenced,
Lena,19,6,586,666,534,595.3,29471,0.3,14.5,6,Tide-influenced,
Lena,20,6,410,514,554,492.7,25948,0.2,12.8,6,Tide-influenced,
Lena,21,5,434,748,854,678.7,49428,0.3,24.3,6,Tide-influenced,
Lena,22,4,992,972,523,829.0,88078,0.4,43.3,6,Tide-influenced,
Lena,23,2,2658,2862,3007,2842.3,11066,1.4,5.4,6,Tide-influenced,
Lena,24,3,736,440,539,571.7,79914,0.3,39.3,6,Tide-influenced,
Lena,25,4,252,383,505,380.0,4118,0.2,2.0,6,Tide-influenced,
Lena,26,4,335,632,405,457.3,23233,0.2,11.4,6,Tide-influenced,
Lena,27,5,493,540,365,466.0,36859,0.2,18.1,6,Tide-influenced,
Lena,28,5,363,524,600,495.7,34267,0.2,16.8,6,Tide-influenced,
Lena,29,3,714,627,367,569.3,77938,0.3,38.3,6,Tide-influenced,
Lena,30,3,1876,1688,1452,1672.0,21836,0.8,10.7,6,Tide-influenced,
Lena,31,4,1476,1370,1201,1349.0,29784,0.7,14.6,6,Tide-influenced,
Mackenzie,1,1,3537,3893,5965,4464.9,104796,1.0,23.5,6,Tide-influenced,
Mackenzie,2,2,1247,1540,3059,1948.6,101906,0.4,22.8,6,Tide-influenced,
Mackenzie,3,2,2657,1839,2735,2410.1,70223,0.5,15.7,6,Tide-influenced,
Mackenzie,4,3,2434,3792,6063,4096.2,31007,0.9,6.9,6,Tide-influenced,
Mackenzie,5,3,2679,2519,16946,7381.6,109066,1.7,24.4,6,Tide-influenced,
Mackenzie,6,3,1012,1202,4464,2226.0,122131,0.5,27.4,6,Tide-influenced,
Mackenzie,7,3,1449,1338,4783,2523.4,101276,0.6,22.7,6,Tide-influenced,
Mackenzie,8,4,8759,5997,4943,6566.4,22198,1.5,5.0,6,Tide-influenced,
Mackenzie,9,4,4348,5886,5275,5169.7,49014,1.2,11.0,6,Tide-influenced,
Mackenzie,10,4,4324,7098,9187,6869.5,39105,1.5,8.8,6,Tide-influenced,
Mackenzie,11,4,1725,1430,1373,1509.2,35964,0.3,8.1,6,Tide-influenced,
Mackenzie,12,5,2065,4032,5230,3775.8,5295,0.8,1.2,6,Tide-influenced,
Mackenzie,13,5,1364,998,1160,1173.9,7178,0.3,1.6,6,Tide-influenced,
Mahakam,1,1,738,942,1160,946.7,26293,1.0,27.8,1,Tide-influenced,
Mahakam,2,2,1164,1153,1607,1308.0,4159,1.4,4.4,1,Tide-influenced,
Mahakam,3,2,592,568,456,538.7,16505,0.6,17.4,1,Tide-influenced,
Mahakam,4,3,552,513,921,662.0,7093,0.7,7.5,1,Tide-influenced,
Mahakam,5,3,463,410,510,461.0,12976,0.5,13.7,1,Tide-influenced,
Mahakam,6,3,370,274,2193,945.7,22698,1.0,24.0,1,Tide-influenced,
Mahakam,7,3,290,266,1450,668.7,7647,0.7,8.1,1,Tide-influenced,
Mahakam,8,4,357,404,1168,643.0,136748,0.7,144.5,1,Tide-influenced,
Mahakam,9,4,459,622,976,685.7,12086,0.7,12.8,1,Tide-influenced,
Mahakam,10,4,271,490,1446,735.7,7884,0.8,8.3,1,Tide-influenced,
Mahakam,11,4,157,247,437,280.3,8917,0.3,9.4,1,Tide-influenced,
Mahakam,12,4,159,143,495,265.7,11580,0.3,12.2,1,Tide-influenced,
Mahakam,13,4,562,1192,7341,3031.7,19253,3.2,20.3,1,Tide-influenced,
Mahakam,14,4,400,959,1484,947.7,14663,1.0,15.5,1,Tide-influenced,
Mahakam,15,5,282,260,326,289.3,4597,0.3,4.9,1,Tide-influenced,
Mahakam,16,5,465,195,394,351.3,9628,0.4,10.2,1,Tide-influenced,
Mahakam,17,5,323,686,881,630.0,5656,0.7,6.0,1,Tide-influenced,
Mahakam,18,5,114,605,1558,759.0,10878,0.8,11.5,1,Tide-influenced,
Mahakam,19,5,841,683,1328,950.7,8504,1.0,9.0,1,Tide-influenced,
Mahakam,20,5,422,318,1010,583.3,9905,0.6,10.5,1,Tide-influenced,
Mahakam,21,5,663,644,880,729.0,7039,0.8,7.4,1,Tide-influenced,
Mahakam,22,5,256,362,585,401.0,6682,0.4,7.1,1,Tide-influenced,
Mahakam,23,5,220,205,236,220.3,2999,0.2,3.2,1,Tide-influenced,
Mahakam,24,5,391,297,327,338.3,5225,0.4,5.5,1,Tide-influenced,
Mahakam,26,5,517,630,638,595.0,4308,0.6,4.6,1,Tide-influenced,
Mahakam,27,6,513,530,686,576.3,6852,0.6,7.2,1,Tide-influenced,
Mahakam,28,6,640,359,451,483.3,7060,0.5,7.5,1,Tide-influenced,
Mahakam,29,6,493,369,430,430.7,6160,0.5,6.5,1,Tide-influenced,
Mahakam,30,6,1371,1561,1435,1455.7,4184,1.5,4.4,1,Tide-influenced,
Mahakam,31,6,118,202,401,240.3,6962,0.3,7.4,1,Tide-influenced,
Mahakam,32,6,76,132,770,326.0,13131,0.3,13.9,1,Tide-influenced,
Mamawi,1,1,73,122,116,103.7,9979.039485,1.0,96.3,6,River-dominated,
Mamawi,2,2,18,15,22,18.3,668.122455,0.2,6.4,6,River-dominated,
Mamawi,3,2,115,98,146,119.7,5623.198684,1.2,54.2,6,River-dominated,
Mamawi,4,3,47,72,78,65.7,789.43968,0.6,7.6,6,River-dominated,
Mamawi,5,3,32,35,26,31.0,759.063807,0.3,7.3,6,River-dominated,
Mamawi,6,3,39,50,63,50.7,229.207927,0.5,2.2,6,River-dominated,
Mamawi,7,3,116,95,82,97.7,295.742443,0.9,2.9,6,River-dominated,
Mamawi,8,4,69,70,75,71.3,1517.997915,0.7,14.6,6,River-dominated,
Mamawi,9,4,70,44,72,62.0,1615.361528,0.6,15.6,6,River-dominated,
Mamawi,10,4,45,42,55,47.3,1802.243454,0.5,17.4,6,River-dominated,
Mamawi,11,4,51,47,37,45.0,306.391651,0.4,3.0,6,River-dominated,
Mamawi,12,5,67,75,101,81.0,692.755786,0.8,6.7,6,River-dominated,
Mamawi,13,5,95,101,84,93.3,1158.820843,0.9,11.2,6,River-dominated,
Mamawi,14,5,54,42,55,50.3,427.117587,0.5,4.1,6,River-dominated,
Mamawi,15,5,86,78,52,72.0,1408.36784,0.7,13.6,6,River-dominated,
Mamawi,16,5,41,31,31,34.3,683.646299,0.3,6.6,6,River-dominated,
Mamawi,17,5,41,41,43,41.7,1224.770663,0.4,11.8,6,River-dominated,
Mamawi,18,5,26,31,46,34.3,2634.544792,0.3,25.4,6,River-dominated,
Mamawi,19,5,21,35,52,36.0,518.671988,0.3,5.0,6,River-dominated,
Mamawi,20,6,61,61,93,71.7,1502.452906,0.7,14.5,6,River-dominated,
Mamawi,21,6,18,26,19,21.0,834.910465,0.2,8.1,6,River-dominated,
Mamawi,22,7,17,24,14,18.3,508.789576,0.2,4.9,6,River-dominated,
Mamawi,23,7,29,26,45,33.3,568.339155,0.3,5.5,6,River-dominated,
Mamawi,24,7,31,17,25,24.3,1619.535457,0.2,15.6,6,River-dominated,
Mamawi,25,7,54,50,36,46.7,1131.797272,0.5,10.9,6,River-dominated,
Mamawi,26,8,58,53,75,62.0,392.820465,0.6,3.8,6,River-dominated,
Mamawi,27,8,25,24,17,22.0,394.456136,0.2,3.8,6,River-dominated,
Mamawi,28,6,9,4,4,5.7,327.041733,0.1,3.2,6,River-dominated,
Mamawi,29,6,42,39,32,37.7,468.858519,0.4,4.5,6,River-dominated,
Mamawi,30,7,5,8,6,6.3,131.966337,0.1,1.3,6,River-dominated,
Mamawi,31,7,19,8,7,11.3,153.59533,0.1,1.5,6,River-dominated,
Mamawi,32,6,31,23,21,25.0,349.708148,0.2,3.4,6,River-dominated,
Mamawi,33,6,51,28,11,30.0,480.145481,0.3,4.6,6,River-dominated,
Mamawi,34,7,16,19,22,19.0,87.059908,0.2,0.8,6,River-dominated,
Mamawi,35,7,26,22,21,23.0,106.453434,0.2,1.0,6,River-dominated,
Mamawi,36,6,3,8,6,5.7,184.658828,0.1,1.8,6,River-dominated,
Mamawi,37,6,30,29,33,30.7,331.351627,0.3,3.2,6,River-dominated,
Mamawi,38,7,3,3,4,3.3,69.414279,0.0,0.7,6,River-dominated,
Mamawi,39,7,3,4,5,4.0,89.777126,0.0,0.9,6,River-dominated,
Mamawi,40,7,9,4,4,5.7,273.816132,0.1,2.6,6,River-dominated,
Mamawi,41,7,24,19,17,20.0,297.359292,0.2,2.9,6,River-dominated,
Mamawi,42,8,13,10,8,10.3,75.517053,0.1,0.7,6,River-dominated,
Mamawi,43,8,10,7,7,8.0,169.221451,0.1,1.6,6,River-dominated,
Mamawi,44,6,27,36,3,22.0,944.394095,0.2,9.1,6,River-dominated,
Mamawi,45,6,48,21,48,39.0,898.539465,0.4,8.7,6,River-dominated,
Mamawi,46,6,101,82,102,95.0,296.494469,0.9,2.9,6,River-dominated,
Mamawi,47,7,24,19,116,53.0,327.558332,0.5,3.2,6,River-dominated,
Mamawi,48,7,15,15,16,15.3,367.939019,0.1,3.5,6,River-dominated,
Mamawi,49,7,27,19,22,22.7,181.369776,0.2,1.7,6,River-dominated,
Mamawi,50,7,17,40,15,24.0,164.379904,0.2,1.6,6,River-dominated,
Mamawi,51,8,10,12,10,10.7,123.002203,0.1,1.2,6,River-dominated,
Mamawi,52,8,6,7,7,6.7,90.232116,0.1,0.9,6,River-dominated,
Mamawi,53,9,9,8,6,7.7,68.786411,0.1,0.7,6,River-dominated,
Mamawi,54,9,8,5,5,6.0,42.099565,0.1,0.4,6,River-dominated,
Mamawi,55,7,57,37,30,41.3,611.12968,0.4,5.9,6,River-dominated,
Mamawi,56,7,27,61,35,41.0,688.160248,0.4,6.6,6,River-dominated,
Mamawi,57,8,21,17,23,20.3,203.448892,0.2,2.0,6,River-dominated,
Mamawi,58,8,21,19,24,21.3,222.004829,0.2,2.1,6,River-dominated,
Mamawi,59,8,23,12,11,15.3,184.456965,0.1,1.8,6,River-dominated,
Mamawi,60,8,20,14,11,15.0,123.559234,0.1,1.2,6,River-dominated,
Mamawi,61,8,12,10,23,15.0,93.459673,0.1,0.9,6,River-dominated,
Mamawi,62,6,17,48,48,37.7,340.288653,0.4,3.3,6,River-dominated,
Mamawi,63,6,91,76,83,83.3,218.109661,0.8,2.1,6,River-dominated,
Mamawi,64,7,44,38,37,39.7,134.195288,0.4,1.3,6,River-dominated,
Mamawi,65,7,14,15,16,15.0,278.354265,0.1,2.7,6,River-dominated,
Mamawi,66,8,21,19,17,19.0,167.09787,0.2,1.6,6,River-dominated,
Mamawi,67,8,7,11,13,10.3,147.857979,0.1,1.4,6,River-dominated,
Mamawi,68,7,31,25,29,28.3,405.284023,0.3,3.9,6,River-dominated,
Mamawi,69,7,79,66,48,64.3,310.675741,0.6,3.0,6,River-dominated,
Mamawi,70,6,29,20,14,21.0,301.754746,0.2,2.9,6,River-dominated,
Mamawi,71,6,41,26,16,27.7,822.407739,0.3,7.9,6,River-dominated,
Mamawi,72,7,8,6,6,6.7,316.755084,0.1,3.1,6,River-dominated,
Mamawi,73,7,22,30,18,23.3,485.97049,0.2,4.7,6,River-dominated,
Mamawi,74,8,8,7,4,6.3,119.088522,0.1,1.1,6,River-dominated,
Mamawi,75,8,17,18,14,16.3,109.408653,0.2,1.1,6,River-dominated,
Mekong,1,1,1501,1700,1027,1409.3,126747,1.0,89.9,2,Tide-influenced,
Mekong,2,2,576,801,2900,1425.7,145863,1.0,103.5,2,Tide-influenced,
Mekong,3,2,543,916,538,665.7,91760,0.5,65.1,2,Tide-influenced,
Mekong,4,3,1359,1243,1573,1391.7,35079,1.0,24.9,2,Tide-influenced,
Mekong,5,3,1593,1663,2617,1957.7,30806,1.4,21.9,2,Tide-influenced,
Mekong,6,3,462,924,2264,1216.7,63633,0.9,45.2,2,Tide-influenced,
Mekong,7,3,1089,322,1502,971.0,29177,0.7,20.7,2,Tide-influenced,
Mekong,8,4,981,1518,1812,1437.0,24170,1.0,17.1,2,Tide-influenced,
Mekong,9,4,1325,1312,1670,1435.7,24531,1.0,17.4,2,Tide-influenced,
Mekong,10,4,901,923,1272,1032.0,68762,0.7,48.8,2,Tide-influenced,
Mekong,11,4,859,877,1244,993.3,33513,0.7,23.8,2,Tide-influenced,
Mekong,12,5,800,1086,2092,1326.0,33556,0.9,23.8,2,Tide-influenced,
Mekong,13,5,735,678,1072,828.3,34031,0.6,24.1,2,Tide-influenced,
Mississippi,1,1,1300,794,849,981.0,4144,1.0,4.2,5,River-dominated,
Mississippi,2,2,195,177,300,224.0,2077,0.2,2.1,5,River-dominated,
Mississippi,3,2,617,430,579,542.0,6485,0.6,6.6,5,River-dominated,
Mississippi,4,3,180,153,211,181.3,3288,0.2,3.4,5,River-dominated,
Mississippi,5,3,61,38,120,73.0,7948,0.1,8.1,5,River-dominated,
Mississippi,6,3,65,98,55,72.7,7574,0.1,7.7,5,River-dominated,
Mississippi,7,3,163,254,228,215.0,13070,0.2,13.3,5,River-dominated,
Mississippi,8,3,319,379,508,402.0,11529,0.4,11.8,5,River-dominated,
Mississippi,9,4,35,46,49,43.3,9783,0.0,10.0,5,River-dominated,
Mississippi,10,4,129,164,113,135.3,6356,0.1,6.5,5,River-dominated,
Mississippi,11,4,97,76,47,73.3,2094,0.1,2.1,5,River-dominated,
Mississippi,12,4,86,103,106,98.3,1375,0.1,1.4,5,River-dominated,
Mississippi,13,4,35,36,50,40.3,1764,0.0,1.8,5,River-dominated,
Mississippi,14,4,26,23,45,31.3,2305,0.0,2.3,5,River-dominated,
Mississippi,15,4,90,49,85,74.7,1995,0.1,2.0,5,River-dominated,
Mississippi,16,4,109,92,100,100.3,1257,0.1,1.3,5,River-dominated,
Mississippi,17,5,29,64,81,58.0,2484,0.1,2.5,5,River-dominated,
Mississippi,18,5,33,35,34,34.0,1349,0.0,1.4,5,River-dominated,
Niger,1,1,1165,1611,1167,1314.3,119923,1.0,91.2,2,River-dominated,
Niger,2,2,541,346,373,420.0,83074,0.3,63.2,2,River-dominated,
Niger,3,2,725,548,494,589.0,42484,0.4,32.3,2,River-dominated,
Niger,4,3,180,273,246,233.0,41220,0.2,31.4,2,River-dominated,
Niger,5,3,354,321,336,337.0,23779,0.3,18.1,2,River-dominated,
Niger,6,3,219,165,186,190.0,100447,0.1,76.4,2,River-dominated,
Niger,7,3,305,471,458,411.3,38357,0.3,29.2,2,River-dominated,
Niger,8,4,134,154,708,332.0,30294,0.3,23.0,2,River-dominated,
Niger,9,4,120,123,191,144.7,13409,0.1,10.2,2,River-dominated,
Niger,10,4,63,156,400,206.3,89110,0.2,67.8,2,River-dominated,
Niger,11,4,164,261,193,206.0,78275,0.2,59.6,2,River-dominated,
Niger,12,4,148,209,292,216.3,13383,0.2,10.2,2,River-dominated,
Niger,13,4,78,62,78,72.7,33145,0.1,25.2,2,River-dominated,
Niger,14,4,323,259,216,266.0,36639,0.2,27.9,2,River-dominated,
Niger,15,4,336,321,391,349.3,18353,0.3,14.0,2,River-dominated,
Niger,16,5,63,179,244,162.0,26004,0.1,19.8,2,River-dominated,
Niger,17,5,97,169,280,182.0,22623,0.1,17.2,2,River-dominated,
Niger,18,5,248,181,588,339.0,39135,0.3,29.8,2,River-dominated,
Niger,19,5,86,108,135,109.7,11986,0.1,9.1,2,River-dominated,
Niger,20,5,59,144,404,202.3,20928,0.2,15.9,2,River-dominated,
Niger,21,5,43,114,247,134.7,24650,0.1,18.8,2,River-dominated,
Niger,22,5,36,153,787,325.3,54540,0.2,41.5,2,River-dominated,
Niger,23,5,170,309,258,245.7,13237,0.2,10.1,2,River-dominated,
Niger,24,5,142,168,343,217.7,52413,0.2,39.9,2,River-dominated,
Niger,25,5,194,277,617,362.7,73058,0.3,55.6,2,River-dominated,
Niger,26,6,65,123,391,193.0,34095,0.1,25.9,2,River-dominated,
Niger,27,6,45,129,170,114.7,38914,0.1,29.6,2,River-dominated,
Niger,28,6,88,111,181,126.7,41605,0.1,31.7,2,River-dominated,
Niger,29,6,110,304,341,251.7,26478,0.2,20.1,2,River-dominated,
Niger,30,4,19,63,49,43.7,27136,0.0,20.6,2,River-dominated,
Niger,31,5,39,44,78,53.7,22191,0.0,16.9,2,River-dominated,
Niger,32,5,29,81,285,131.7,59132,0.1,45.0,2,River-dominated,
Niger,33,6,41,208,559,269.3,27495,0.2,20.9,2,River-dominated,
Niger,34,6,46,292,691,343.0,31633,0.3,24.1,2,River-dominated,
Niger,35,7,493,311,310,371.3,4052,0.3,3.1,2,River-dominated,
Niger,36,7,201,136,118,151.7,5245,0.1,4.0,2,River-dominated,
Orinoco,1,1,2817,1680,1377,1958.0,47301,1.0,24.2,2,Tide-influenced,
Orinoco,2,2,867,771,1223,953.7,80203,0.5,41.0,2,Tide-influenced,
Orinoco,3,2,600,585,683,622.7,192818,0.3,98.5,2,Tide-influenced,
Orinoco,4,3,531,594,874,666.3,92799,0.3,47.4,2,Tide-influenced,
Orinoco,5,3,1838,1874,1050,1587.3,42775,0.8,21.8,2,Tide-influenced,
Orinoco,6,4,773,605,460,612.7,24472,0.3,12.5,2,Tide-influenced,
Orinoco,7,4,1248,1404,1047,1233.0,8704,0.6,4.4,2,Tide-influenced,
Orinoco,8,5,226,252,426,301.3,5228,0.2,2.7,2,Tide-influenced,
Orinoco,9,5,517,280,446,414.3,2968,0.2,1.5,2,Tide-influenced,
Orinoco,10,5,153,326,242,240.3,21719,0.1,11.1,2,Tide-influenced,
Orinoco,11,5,709,766,1277,917.3,8986,0.5,4.6,2,Tide-influenced,
Orinoco,12,6,363,255,488,368.7,17512,0.2,8.9,2,Tide-influenced,
Orinoco,13,6,252,245,476,324.3,13459,0.2,6.9,2,Tide-influenced,
Orinoco,14,6,517,439,340,432.0,27277,0.2,13.9,2,Tide-influenced,
Orinoco,15,6,1001,652,735,796.0,12287,0.4,6.3,2,Tide-influenced,
Orinoco,16,7,178,191,372,247.0,9197,0.1,4.7,2,Tide-influenced,
Orinoco,17,7,303,342,661,435.3,13313,0.2,6.8,2,Tide-influenced,
Orinoco,18,7,274,242,253,256.3,14454,0.1,7.4,2,Tide-influenced,
Orinoco,19,7,450,665,574,563.0,18012,0.3,9.2,2,Tide-influenced,
Orinoco,20,7,143,262,435,280.0,15773,0.1,8.1,2,Tide-influenced,
Orinoco,21,7,507,422,680,536.3,40708,0.3,20.8,2,Tide-influenced,
Orinoco,22,7,270,357,516,381.0,24015,0.2,12.3,2,Tide-influenced,
Orinoco,23,8,158,126,170,151.3,6564,0.1,3.4,2,Tide-influenced,
Orinoco,24,8,297,279,288,288.0,4117,0.1,2.1,2,Tide-influenced,
Orinoco,25,8,463,189,215,289.0,4333,0.1,2.2,2,Tide-influenced,
Orinoco,26,8,1099,1061,1145,1101.7,3239,0.6,1.7,2,Tide-influenced,
Orinoco,27,8,390,358,352,366.7,26117,0.2,13.3,2,Tide-influenced,
Orinoco,28,8,332,346,533,403.7,33123,0.2,16.9,2,Tide-influenced,
Orinoco,29,9,125,122,165,137.3,7247,0.1,3.7,2,Tide-influenced,
Orinoco,30,9,160,161,245,188.7,5205,0.1,2.7,2,Tide-influenced,
Orinoco,31,9,488,655,559,567.3,13137,0.3,6.7,2,Tide-influenced,
Orinoco,32,9,294,334,408,345.3,10812,0.2,5.5,2,Tide-influenced,
Orinoco,33,8,417,226,294,312.3,4725,0.2,2.4,2,Tide-influenced,
Orinoco,34,8,278,258,279,271.7,3803,0.1,1.9,2,Tide-influenced,
Orinoco,35,8,218,190,187,198.3,2435.0,0.1,1.2,2,Tide-influenced,
Orinoco,36,8,219,248,234,233.7,1527.0,0.1,0.8,2,Tide-influenced,
Parana,1,1,1033,1023,907,987.7,31366,1.0,31.8,5,River-dominated,
Parana,2,2,897,635,1059,863.7,153652,0.9,155.6,5,River-dominated,
Parana,3,2,912,571,1042,841.7,81062,0.9,82.1,5,River-dominated,
Parana,4,3,166,244,213,207.7,6309,0.2,6.4,5,River-dominated,
Parana,5,3,954,966,999,973.0,2897,1.0,2.9,5,River-dominated,
Parana,6,3,2137,1470,883,1496.7,24859,1.5,25.2,5,River-dominated,
Parana,7,3,806,908,714,809.3,11876,0.8,12.0,5,River-dominated,
Parana,8,4,116,114,102,110.7,8992,0.1,9.1,5,River-dominated,
Parana,9,4,923,907,1078,969.3,4588,1.0,4.6,5,River-dominated,
Parana,10,4,434,357,326,372.3,1922,0.4,1.9,5,River-dominated,
Parana,11,4,312,360,552,408.0,15776,0.4,16.0,5,River-dominated,
Parana,12,4,592,820,578,663.3,20193,0.7,20.4,5,River-dominated,
Parana,13,4,543,611,644,599.3,13999,0.6,14.2,5,River-dominated,
Parana,14,4,307,407,428,380.7,21211,0.4,21.5,5,River-dominated,
Parana,15,4,157,170,234,187.0,8453,0.2,8.6,5,River-dominated,
Parana,16,5,103,188,185,158.7,4197,0.2,4.2,5,River-dominated,
Parana,17,5,238,196,303,245.7,4665,0.2,4.7,5,River-dominated,
Parana,18,5,296,360,523,393.0,7452,0.4,7.5,5,River-dominated,
Parana,19,5,911,746,598,751.7,1663,0.8,1.7,5,River-dominated,
Parana,20,5,140,116,162,139.3,2277,0.1,2.3,5,River-dominated,
Parana,21,5,222,257,271,250.0,2124,0.3,2.2,5,River-dominated,
Parana,22,5,370,375,354,366.3,4458,0.4,4.5,5,River-dominated,
Parana,23,5,217,118,198,177.7,13780,0.2,14.0,5,River-dominated,
Parana,24,5,273,384,566,407.7,17060,0.4,17.3,5,River-dominated,
Parana,25,5,563,439,648,550.0,12814,0.6,13.0,5,River-dominated,
Parana,26,5,257,157,274,229.3,7410,0.2,7.5,5,River-dominated,
Parana,27,5,96,68,88,84.0,7609,0.1,7.7,5,River-dominated,
Parana,28,6,100,63,78,80.3,1601,0.1,1.6,5,River-dominated,
Parana,29,6,174,129,212,171.7,1451,0.2,1.5,5,River-dominated,
Parana,30,6,120,169,166,151.7,11496,0.2,11.6,5,River-dominated,
Parana,31,6,257,353,321,310.3,10128,0.3,10.3,5,River-dominated,
Parana,32,6,295,167,138,200.0,2358,0.2,2.4,5,River-dominated,
Parana,33,6,257,182,196,211.7,1608,0.2,1.6,5,River-dominated,
Parana,34,7,108,115,145,122.7,4912,0.1,5.0,5,River-dominated,
Parana,35,7,39,40,52,43.7,6074,0.0,6.1,5,River-dominated,
Parana,36,8,101,93,98,97.3,1633,0.1,1.7,5,River-dominated,
Parana,37,8,162,148,200,170.0,1557,0.2,1.6,5,River-dominated,
Po,1,1,524,491,481,498.7,4423,1.0,8.9,5,Wave-influenced,
Po,2,2,215,134,183,177.3,68015,0.4,136.4,5,Wave-influenced,
Po,3,2,611,503,528,547.3,42674,1.1,85.6,5,Wave-influenced,
Po,4,3,213,150,185,182.7,37987,0.4,76.2,5,Wave-influenced,
Po,5,3,580,661,663,634.7,2858,1.3,5.7,5,Wave-influenced,
Po,6,4,553,597,613,587.7,11471,1.2,23.0,5,Wave-influenced,
Po,7,4,65,70,90,75.0,24529,0.2,49.2,5,Wave-influenced,
Po,8,5,113,115,98,108.7,2242,0.2,4.5,5,Wave-influenced,
Po,9,5,141,133,137,137.0,1883,0.3,3.8,5,Wave-influenced,
Po,10,5,200,281,183,221.3,13767,0.4,27.6,5,Wave-influenced,
Po,11,5,413,450,447,436.7,7729,0.9,15.5,5,Wave-influenced,
Po,12,6,639,464,477,526.7,5952,1.1,11.9,5,Wave-influenced,
Po,13,6,254,200,215,223.0,4082,0.4,8.2,5,Wave-influenced,
Po,14,6,133,99,120,117.3,6482,0.2,13.0,5,Wave-influenced,
Po,15,6,194,193,176,187.7,2749,0.4,5.5,5,Wave-influenced,
Po,16,6,133,119,76,109.3,4181,0.2,8.4,5,Wave-influenced,
Protoka Ularovskaya,1,1,3091,3793,2616,3166.7,184574.9658,1.0,58.3,6,Tide-influenced,
Protoka Ularovskaya,2,2,2210,2370,2080,2220.0,100660.4895,0.7,31.8,6,Tide-influenced,
Protoka Ularovskaya,3,2,2110,2820,2240,2390.0,260718.5207,0.8,82.3,6,Tide-influenced,
Protoka Ularovskaya,4,3,408,290,552,416.7,84980.16329,0.1,26.8,6,Tide-influenced,
Protoka Ularovskaya,5,3,1878,2231,2527,2212.0,238676.7853,0.7,75.4,6,Tide-influenced,
Protoka Ularovskaya,6,3,2280,2614,1965,2286.3,140009.7484,0.7,44.2,6,Tide-influenced,
Protoka Ularovskaya,7,3,731,875,2211,1272.3,114901.4644,0.4,36.3,6,Tide-influenced,
Protoka Ularovskaya,8,4,174,793,876,614.3,199037.7861,0.2,62.9,6,Tide-influenced,
Protoka Ularovskaya,9,4,298,230,1665,731.0,231710.9487,0.2,73.2,6,Tide-influenced,
Protoka Ularovskaya,10,4,1367,1481,1146,1331.3,21348.05589,0.4,6.7,6,Tide-influenced,
Protoka Ularovskaya,11,3,265,288,458,337.0,170700.7152,0.1,53.9,6,Tide-influenced,
Protoka Ularovskaya,12,4,416,481,640,512.3,9975.783335,0.2,3.2,6,Tide-influenced,
Protoka Ularovskaya,13,4,113,165,232,170.0,9306.480187,0.1,2.9,6,Tide-influenced,
Protoka Ularovskaya,14,4,529,1236,2942,1569.0,14079.0803,0.5,4.4,6,Tide-influenced,
Protoka Ularovskaya,15,4,1435,1481,1085,1333.7,7275.287233,0.4,2.3,6,Tide-influenced,
Protoka Ularovskaya,16,4,400,582,598,526.7,41129.95836,0.2,13.0,6,Tide-influenced,
Protoka Ularovskaya,17,5,443,383,830,552.0,18956.25543,0.2,6.0,6,Tide-influenced,
Protoka Ularovskaya,18,5,188,239,233,220.0,8066.027252,0.1,2.5,6,Tide-influenced,
Protoka Ularovskaya,190,6,55,51,104,70.0,9782.401661,0.0,3.1,6,Tide-influenced,
Protoka Ularovskaya,20,6,197,157,237,197.0,9195.44883,0.1,2.9,6,Tide-influenced,
Protoka Ularovskaya,21,7,62,47,65,58.0,1752.768894,0.0,0.6,6,Tide-influenced,
Protoka Ularovskaya,22,7,202,176,219,199.0,2883.924974,0.1,0.9,6,Tide-influenced,
Protoka Ularovskaya,23,5,64,453,565,360.7,14489.39152,0.1,4.6,6,Tide-influenced,
Protoka Ularovskaya,24,5,2254,3136,2408,2599.3,5370.309671,0.8,1.7,6,Tide-influenced,
Protoka Ularovskaya,25,6,333,327,430,363.3,9237.138643,0.1,2.9,6,Tide-influenced,
Protoka Ularovskaya,26,6,80,120,266,155.3,7313.679267,0.0,2.3,6,Tide-influenced,
Protoka Ularovskaya,27,7,153,172,197,174.0,14266.54358,0.1,4.5,6,Tide-influenced,
Protoka Ularovskaya,28,7,291,248,286,275.0,16390.92511,0.1,5.2,6,Tide-influenced,
Protoka Ularovskaya,29,8,58,57,116,77.0,15409.36534,0.0,4.9,6,Tide-influenced,
Protoka Ularovskaya,30,8,217,297,332,282.0,2075.85645,0.1,0.7,6,Tide-influenced,
Protoka Ularovskaya,31,9,18,12,7,12.3,1159.144591,0.0,0.4,6,Tide-influenced,
Protoka Ularovskaya,32,9,89,60,51,66.7,1951.498004,0.0,0.6,6,Tide-influenced,
Protoka Ularovskaya,33,9,24,27,16,22.3,1649.228243,0.0,0.5,6,Tide-influenced,
Protoka Ularovskaya,34,9,377,313,218,302.7,2268.894765,0.1,0.7,6,Tide-influenced,
Protoka Ularovskaya,35,9,189,208,288,228.3,3007.947822,0.1,0.9,6,Tide-influenced,
Protoka Ularovskaya,36,8,20,23,36,26.3,5251.434241,0.0,1.7,6,Tide-influenced,
Pur,35,8,197,215,223,211.7,2116.858495,1.0,10.0,6,River-dominated,
Pur,36,9,29,47,62,46.0,4192.324913,0.2,19.8,6,River-dominated,
Pur,26,7,80,120,266,155.3,5828.421716,0.7,27.5,6,River-dominated,
Pur,27,7,41,51,65,52.3,12049.00709,0.2,56.9,6,River-dominated,
Pur,28,6,778,802,1341,973.7,6817.736768,4.6,32.2,6,River-dominated,
Pur,29,6,679,1253,1349,1093.7,22098.41837,5.2,104.4,6,River-dominated,
Pur,30,7,172,391,261,274.7,15905.80607,1.3,75.1,6,River-dominated,
Pur,31,7,1019,573,768,786.7,14599.64093,3.7,69.0,6,River-dominated,
Pur,32,4,2053,250,3368,1890.3,53224.22261,8.9,251.5,6,River-dominated,
Purari,33,4,408,2456,643,1169.0,81076.46071,1.0,69.4,1,Tide-influenced,
Purari,2,2,210,179,1025,471.3,76421,0.4,65.4,1,Tide-influenced,
Purari,3,2,366,377,264,335.7,7638,0.3,6.5,1,Tide-influenced,
Purari,4,3,22,296,309,209.0,23340,0.2,20.0,1,Tide-influenced,
Purari,5,3,91,166,163,140.0,62135,0.1,53.2,1,Tide-influenced,
Purari,6,3,26,85,6224,2111.7,27709,1.8,23.7,1,Tide-influenced,
Purari,7,3,162,265,207,211.3,6553,0.2,5.6,1,Tide-influenced,
Purari,8,3,20,123,232,125.0,9886,0.1,8.5,1,Tide-influenced,
Purari,9,4,157,212,318,229.0,7315,0.2,6.3,1,Tide-influenced,
Purari,10,4,204,158,383,248.3,21708,0.2,18.6,1,Tide-influenced,
Purari,11,4,84,51,64,66.3,12288,0.1,10.5,1,Tide-influenced,
Purari,12,4,280,204,326,270.0,4933,0.2,4.2,1,Tide-influenced,
Purari,13,5,236,222,244,234.0,2698,0.2,2.3,1,Tide-influenced,
Purari,14,5,31,38,200,89.7,6960,0.1,6.0,1,Tide-influenced,
Purari,15,5,27,17,154,66.0,11438,0.1,9.8,1,Tide-influenced,
Purari,16,7,308,214,308,276.7,1512,0.2,1.3,1,Tide-influenced,
Purari,17,7,122,176,186,161.3,1370,0.1,1.2,1,Tide-influenced,
Purari,18,7,136,157,127,140.0,3389,0.1,2.9,1,Tide-influenced,
Purari,19,7,88,99,218,135.0,7897,0.1,6.8,1,Tide-influenced,
Purari,20,8,31,38,98,55.7,4027,0.0,3.4,1,Tide-influenced,
Purari,21,8,169,181,206,185.3,5823,0.2,5.0,1,Tide-influenced,
Purari,22,8,108,109,140,119.0,1262,0.1,1.1,1,Tide-influenced,
Purari,23,8,281,370,352,334.3,4496,0.3,3.8,1,Tide-influenced,
Poyang,1,1,396,480.0,609,495.0,22291.0,1.0,45.0,5,River-dominated,
Poyang,2,2,116,127.0,213,152.0,7433.0,0.3,15.0,5,River-dominated,
Poyang,3,2,293,331.0,375,333.0,3083.0,0.7,6.2,5,River-dominated,
Poyang,4,3,84,108.0,94,95.3,2545.0,0.2,5.1,5,River-dominated,
Poyang,5,3,23,31.0,22,25.3,1418.0,0.1,2.9,5,River-dominated,
Poyang,6,3,37,27.0,18,27.3,5942.0,0.1,12.0,5,River-dominated,
Poyang,7,4,12,18.0,5,11.7,3275.0,0.0,6.6,5,River-dominated,
Poyang,8,4,13,22.0,12,15.7,3502.0,0.0,7.1,5,River-dominated,
Poyang,9,4,54,42.0,41,45.7,1870.0,0.1,3.8,5,River-dominated,
Poyang,10,4,41,29.0,26,32.0,1741.0,0.1,3.5,5,River-dominated,
Poyang,11,5,21,9.0,3,11.0,1047.0,0.0,2.1,5,River-dominated,
Poyang,12,5,39,38.0,15,30.7,1445.0,0.1,2.9,5,River-dominated,
Poyang,13,6,11,7.0,6,8.0,210.0,0.0,0.4,5,River-dominated,
Poyang,14,6,7,5.0,6,6.0,136.0,0.0,0.3,5,River-dominated,
Poyang,15,3,153,226.0,8,129.0,8904.0,0.3,18.0,5,River-dominated,
Poyang,16,3,337,278.0,287,300.7,1483.0,0.6,3.0,5,River-dominated,
Poyang,17,4,53,52.0,39,48.0,3625.0,0.1,7.3,5,River-dominated,
Poyang,18,4,54,68.0,65,62.3,2132.0,0.1,4.3,5,River-dominated,
Poyang,19,4,173,210.0,307,230.0,1153.0,0.5,2.3,5,River-dominated,
Poyang,20,4,202,243.0,295,246.7,5332.0,0.5,10.8,5,River-dominated,
Poyang,21,5,95,100.0,94,96.3,1698.0,0.2,3.4,5,River-dominated,
Poyang,22,5,43,49.0,51,47.7,8959.0,0.1,18.1,5,River-dominated,
Poyang,23,6,71,80.0,88,79.7,3601.0,0.2,7.3,5,River-dominated,
Poyang,24,6,44,38.0,76,52.7,7024.0,0.1,14.2,5,River-dominated,
Poyang,25,7,17,18.0,21,18.7,2059.0,0.0,4.2,5,River-dominated,
Poyang,26,7,50,50.0,62,54.0,1725.0,0.1,3.5,5,River-dominated,
Poyang,27,8,35,30.0,37,34.0,581.0,0.1,1.2,5,River-dominated,
Poyang,28,8,23,23.0,16,20.7,1363.0,0.0,2.8,5,River-dominated,
Poyang,29,9,17,13.0,27,19.0,387.0,0.0,0.8,5,River-dominated,
Poyang,30,9,26,33.0,27,28.7,998.0,0.1,2.0,5,River-dominated,
Poyang,31,10,11,9.0,7,9.0,415.0,0.0,0.8,5,River-dominated,
Poyang,32,10,21,20.0,27,22.7,240.0,0.0,0.5,5,River-dominated,
Poyang,33,5.0,101,175.0,186.0,154.0,2439.9,0.3,4.9,5,River-dominated,
Poyang,34,5.0,143,171.0,172.0,162.0,4825.0,0.3,9.7,5,River-dominated,
Poyang,35,6.0,74,103.0,114.0,97.0,2785.0,0.2,5.6,5,River-dominated,
Poyang,36,6.0,84,83.0,52.0,73.0,4685.0,0.1,9.5,5,River-dominated,
Poyang,37,6.0,74,82.0,28.0,61.3,1931.0,0.1,3.9,5,River-dominated,
Poyang,38,7.0,133,148.0,178.0,153.0,1148.0,0.3,2.3,5,River-dominated,
Poyang,39,7.0,41,28.0,57.0,42.0,1996.0,0.1,4.0,5,River-dominated,
Poyang,40,6.0,83,73.0,86.0,80.7,836.0,0.2,1.7,5,River-dominated,
Poyang,41,6.0,132,59.0,124.0,105.0,3292.0,0.2,6.7,5,River-dominated,
Poyang,42,7.0,17.0,21.0,26.0,21.3,552.0,0.0,1.1,5,River-dominated,
Poyang,43,7.0,63.0,21.0,19.0,34.3,1353.0,0.1,2.7,5,River-dominated,
Poyang,43,7.0,63.0,21.0,19.0,34.3,1214.3,0.1,2.5,5,River-dominated,
Poyang,44,8.0,10.0,13.0,16.0,13.0,223.2,0.0,0.5,5,River-dominated,
Poyang,45,8.0,16.0,17.0,21.0,18.0,308.2,0.0,0.6,5,River-dominated,
Poyang,46,8.0,14.0,26.0,21.0,20.3,311.3,0.0,0.6,5,River-dominated,
Poyang,47,9.0,10.0,9.0,9.0,9.3,162.4,0.0,0.3,5,River-dominated,
Poyang,48,9.0,12.0,13.0,11.0,12.0,81.4,0.0,0.2,5,River-dominated,
Poyang,49,10.0,7.0,5.0,4.0,5.3,36.3,0.0,0.1,5,River-dominated,
Poyang,50,10.0,4.0,3.0,3.0,3.3,77.8,0.0,0.2,5,River-dominated,
Poyang,51,11.0,13.0,9.0,13.0,11.7,411.9,0.0,0.8,5,River-dominated,
Poyang,52,11.0,5.0,4.0,3.0,4.0,445.9,0.0,0.9,5,River-dominated,
Poyang,53,10.0,16.0,15.0,58.0,29.7,145.3,0.1,0.3,5,River-dominated,
Poyang,54,10.0,11.0,10.0,7.0,9.3,331.9,0.0,0.7,5,River-dominated,
Poyang,55,11.0,2.0,2.0,2.0,2.0,60.8,0.0,0.1,5,River-dominated,
Poyang,56,11.0,6.0,4.0,4.0,4.7,131.2,0.0,0.3,5,River-dominated,
Poyang,57,11.0,11.0,6.0,6.0,7.7,86.4,0.0,0.2,5,River-dominated,
Poyang,58,11.0,46.0,25.0,14.0,28.3,190.5,0.1,0.4,5,River-dominated,
Poyang,59,9.0,12.0,17.0,13.0,14.0,233.0,0.0,0.5,5,River-dominated,
Poyang,60,9.0,15.0,13.0,6.0,11.3,195.0,0.0,0.4,5,River-dominated,
Rajang,1,1,763,914,752,809.7,34263,1.0,42.3,1,Tide-influenced,
Rajang,2,2,475,539,621,545.0,28314,0.7,35.0,1,Tide-influenced,
Rajang,3,2,292,410,1139,613.7,106915,0.8,132.0,1,Tide-influenced,
Rajang,4,3,457,437,476,456.7,14792,0.6,18.3,1,Tide-influenced,
Rajang,5,3,345,464,1969,926.0,84318,1.1,104.1,1,Tide-influenced,
Rajang,6,4,425,323,317,355.0,17105,0.4,21.1,1,Tide-influenced,
Rajang,7,4,457,517,1584,852.7,29087,1.1,35.9,1,Tide-influenced,
Rajang,8,5,728,484,307,506.3,41300,0.6,51.0,1,Tide-influenced,
Rajang,9,5,853,1228,1704,1261.7,30256,1.6,37.4,1,Tide-influenced,
Rajang,10,5,1877,2065,4851,2931.0,39766,3.6,49.1,1,Tide-influenced,
Rajang,11,5,1068,1356,3471,1965.0,27112,2.4,33.5,1,Tide-influenced,
Red,1,1,1022,1001,898,973.7,61663,1.0,63.3,5,Tide-influenced,
Red,2,2,575,683,292,516.7,98142,0.5,100.8,5,Tide-influenced,
Red,3,2,378,313,470,387.0,69263,0.4,71.1,5,Tide-influenced,
Red,4,3,519,487,458,488.0,39951,0.5,41.0,5,Tide-influenced,
Red,5,3,145,235,359,246.3,72069,0.3,74.0,5,Tide-influenced,
Red,6,3,280,348,440,356.0,95209,0.4,97.8,5,Tide-influenced,
Red,7,3,223,258,367,282.7,33737,0.3,34.6,5,Tide-influenced,
Red,8,4,207,385,576,389.3,82481,0.4,84.7,5,Tide-influenced,
Red,9,4,143,157,340,213.3,54803,0.2,56.3,5,Tide-influenced,
Red,10,4,395,243,457,365.0,44176,0.4,45.4,5,Tide-influenced,
Red,11,5,159,311,270,246.7,45234,0.3,46.5,5,Tide-influenced,
Red,12,5,61,239,790,363.3,42185,0.4,43.3,5,Tide-influenced,
Red,13,6,585,535,680,600.0,10631,0.6,10.9,5,Tide-influenced,
Red,14,6,245,294,344,294.3,15906,0.3,16.3,5,Tide-influenced,
Red,15,6,336,367,413,372.0,14673,0.4,15.1,5,Tide-influenced,
Rioni,1,1,471,287,287,348.3,21588,1.0,62.0,5,Wave-influenced,
Rioni,2,2,122,133,118,124.3,9801,0.4,28.1,5,Wave-influenced,
Rioni,3,2,286,117,177,193.3,6485,0.6,18.6,5,Wave-influenced,
Rioni,4,3,224,243,285,250.7,2921,0.7,8.4,5,Wave-influenced,
Rioni,5,3,341,340,246,309.0,3059,0.9,8.8,5,Wave-influenced,
Rufiji,1,1,267,316,412,331.7,111251,1.0,335.4,3,Tide-influenced,
Rufiji,2,2,198,778,774,583.3,26354,1.8,79.5,3,Tide-influenced,
Rufiji,3,2,172,168,246,195.3,5419,0.6,16.3,3,Tide-influenced,
Rufiji,4,2,104,341,708,384.3,22423,1.2,67.6,3,Tide-influenced,
Rufiji,5,2,68,92,374,178.0,31411,0.5,94.7,3,Tide-influenced,
Rufiji,6,3,278,374,374,342.0,12228,1.0,36.9,3,Tide-influenced,
Rufiji,7,3,175,552,332,353.0,17814,1.1,53.7,3,Tide-influenced,
Rufiji,8,3,222,244,312,259.3,1730,0.8,5.2,3,Tide-influenced,
Rufiji,9,3,143,188,2022,784.3,1754,2.4,5.3,3,Tide-influenced,
Saskatchewan,1,1,394,296,224,304.7,33304,1.0,109.3,6,River-dominated,
Saskatchewan,2,2,201,154,114,156.3,941,0.5,3.1,6,River-dominated,
Saskatchewan,3,2,242,301,344,295.7,966,1.0,3.2,6,River-dominated,
Saskatchewan,4,3,70,72,78,73.3,3623,0.2,11.9,6,River-dominated,
Saskatchewan,5,3,76,86,68,76.7,1321,0.3,4.3,6,River-dominated,
Saskatchewan,6,3,52,37,62,50.3,7400,0.2,24.3,6,River-dominated,
Saskatchewan,7,3,247,224,204,225.0,942,0.7,3.1,6,River-dominated,
Saskatchewan,8,4,36,30,36,34.0,2428,0.1,8.0,6,River-dominated,
Saskatchewan,9,4,22,21,16,19.7,2293,0.1,7.5,6,River-dominated,
Saskatchewan,10,4,39,27,440,168.7,2076,0.6,6.8,6,River-dominated,
Saskatchewan,11,4,30,36,25,30.3,1030,0.1,3.4,6,River-dominated,
Saskatchewan,12,4,33,56,26,38.3,5816,0.1,19.1,6,River-dominated,
Saskatchewan,13,4,134,122,148,134.7,4005,0.4,13.1,6,River-dominated,
Saskatchewan,14,4,82,177,209,156.0,1771,0.5,5.8,6,River-dominated,
Saskatchewan,15,5,23,22,17,20.7,153,0.1,0.5,6,River-dominated,
Saskatchewan,16,5,17,16,15,16.0,99,0.1,0.3,6,River-dominated,
Saskatchewan,17,5,12,16,23,17.0,2272,0.1,7.5,6,River-dominated,
Saskatchewan,18,5,20,22,27,23.0,3854,0.1,12.6,6,River-dominated,
Saskatchewan,19,5,65,92,129,95.3,1995,0.3,6.5,6,River-dominated,
Saskatchewan,20,5,60,70,66,65.3,833,0.2,2.7,6,River-dominated,
Saskatchewan,21,5,66,91,115,90.7,2234,0.3,7.3,6,River-dominated,
Saskatchewan,22,5,80,48,66,64.7,3588,0.2,11.8,6,River-dominated,
Saskatchewan,23,6,13,16,25,18.0,1240,0.1,4.1,6,River-dominated,
Saskatchewan,24,6,13,14,29,18.7,1165,0.1,3.8,6,River-dominated,
Saskatchewan,25,6,28,28,38,31.3,326,0.1,1.1,6,River-dominated,
Saskatchewan,26,6,15,29,69,37.7,306,0.1,1.0,6,River-dominated,
Saskatchewan,27,6,65,71,66,67.3,525,0.2,1.7,6,River-dominated,
Saskatchewan,28,6,70,56,53,59.7,1010,0.2,3.3,6,River-dominated,
Saskatchewan,29,6,72,39,43,51.3,2015,0.2,6.6,6,River-dominated,
Saskatchewan,30,6,25,31,25,27.0,1562,0.1,5.1,6,River-dominated,
Saskatchewan,31,6,81,59,54,64.7,2765,0.2,9.1,6,River-dominated,
Saskatchewan,32,6,85,98,122,101.7,1318,0.3,4.3,6,River-dominated,
Saskatchewan,33,6,52,52,61,55.0,684,0.2,2.2,6,River-dominated,
Saskatchewan,34,6,24,41,37,34.0,764,0.1,2.5,6,River-dominated,
Saskatchewan,35,4,21,14,17,17.3,548,0.1,1.8,6,River-dominated,
Saskatchewan,36,4,44,44,61,49.7,452,0.2,1.5,6,River-dominated,
Saskatchewan,37,5,62,58,64,61.3,106,0.2,0.3,6,River-dominated,
Saskatchewan,38,5,36,37,44,39.0,154,0.1,0.5,6,River-dominated,
Saskatchewan,39,7,19,17,20,18.7,154,0.1,0.5,6,River-dominated,
Saskatchewan,40,7,15,13,17,15.0,250,0.0,0.8,6,River-dominated,
Saskatchewan,41,7,17,19,18,18.0,362,0.1,1.2,6,River-dominated,
Saskatchewan,42,7,52,51,35,46.0,362,0.2,1.2,6,River-dominated,
Saskatchewan,43,7,133,91,80,101.3,1159,0.3,3.8,6,River-dominated,
Saskatchewan,44,7,32,45,39,38.7,1951,0.1,6.4,6,River-dominated,
Saskatchewan,45,7,38,29,29,32.0,242,0.1,0.8,6,River-dominated,
Saskatchewan,46,7,11,9,12,10.7,150,0.0,0.5,6,River-dominated,
Saskatchewan,47,5,30,30,28,29.3,378,0.1,1.2,6,River-dominated,
Saskatchewan,48,5,18,17,18,17.7,246,0.1,0.8,6,River-dominated,
Saskatchewan,49,8,142,131,157,143.3,410,0.5,1.3,6,River-dominated,
Saskatchewan,50,8,116,98,133,115.7,761,0.4,2.5,6,River-dominated,
Saskatchewan,51,9,47,46,47,46.7,299,0.2,1.0,6,River-dominated,
Saskatchewan,52,9,53,48,65,55.3,323,0.2,1.1,6,River-dominated,
Saskatchewan,53,9,86,68,56,70.0,422,0.2,1.4,6,River-dominated,
Saskatchewan,54,9,100,7,90,65.7,432,0.2,1.4,6,River-dominated,
Selegna,1,1,500,447,551,499.3,4294,1.0,8.6,6,River-dominated,
Selegna,2,2,222,270,307,266.3,7850,0.5,15.7,6,River-dominated,
Selegna,3,2,220,246,251,239.0,6813,0.5,13.6,6,River-dominated,
Selegna,4,2,260,215,268,247.7,16571,0.5,33.2,6,River-dominated,
Selegna,5,3,300,335,388,341.0,2763,0.7,5.5,6,River-dominated,
Selegna,6,3,272,322,312,302.0,5923,0.6,11.9,6,River-dominated,
Selegna,7,3,228,321,220,256.3,19908,0.5,39.9,6,River-dominated,
Selegna,8,3,346,234,256,278.7,10953,0.6,21.9,6,River-dominated,
Selegna,9,4,150,190,150,163.3,10556,0.3,21.1,6,River-dominated,
Selegna,10,4,177,204,320,233.7,9681,0.5,19.4,6,River-dominated,
Selegna,11,4,207,121,175,167.7,3385,0.3,6.8,6,River-dominated,
Selegna,12,4,103,175,228,168.7,6235,0.3,12.5,6,River-dominated,
Selegna,13,4,55,28,32,38.3,13057,0.1,26.1,6,River-dominated,
Selegna,16,5,245,165,192,200.7,14048,0.4,28.1,6,River-dominated,
Selegna,17,5,189,175,160,174.7,8936,0.3,17.9,6,River-dominated,
Selegna,18,5,80,70,76,75.3,4701,0.2,9.4,6,River-dominated,
Selegna,19,5,99,97,120,105.3,11255,0.2,22.5,6,River-dominated,
Selegna,20,5,188,152,108,149.3,9175,0.3,18.4,6,River-dominated,
Selegna,21,5,63,62,41,55.3,8268,0.1,16.6,6,River-dominated,
Selegna,14,4,105,140,170,138.3,5948,0.3,11.9,6,River-dominated,
Selegna,15,4,73,70,70,71.0,12721,0.1,25.5,6,River-dominated,
Selegna,22,5,80,153,170,134.3,9016,0.3,18.1,6,River-dominated,
Selegna,23,5,188,112,102,134.0,6605,0.3,13.2,6,River-dominated,
Selegna,24,6,250,207,142,199.7,10399,0.4,20.8,6,River-dominated,
Selegna,25,6,119,85,129,111.0,12383,0.2,24.8,6,River-dominated,
Selegna,26,6,53,49,80,60.7,9447.7,0.1,18.9,6,River-dominated,
Selegna,27,6,102,139,106,115.7,10518,0.2,21.1,6,River-dominated,
Selegna,28,6,55,63,58,58.7,17682,0.1,35.4,6,River-dominated,
Selegna,29,6,48,34,60,47.3,22136,0.1,44.3,6,River-dominated,
Selegna,30,6,53,47,72,57.3,6125,0.1,12.3,6,River-dominated,
Selegna,31,6,99,89,130,106.0,9515,0.2,19.1,6,River-dominated,
Selegna,32,7,145,139,201,161.7,13550,0.3,27.1,6,River-dominated,
Selegna,33,7,75,161,265,167.0,10000,0.3,20.0,6,River-dominated,
Selegna,34,7,82,67,62,70.3,9146,0.1,18.3,6,River-dominated,
Selegna,35,7,33,40,88,53.7,7835,0.1,15.7,6,River-dominated,
Selegna,36,7,37,31,35,34.3,7634,0.1,15.3,6,River-dominated,
Selegna,37,7,30,27,25,27.3,6670,0.1,13.4,6,River-dominated,
Selegna,38,7,20,21,20,20.3,6480,0.0,13.0,6,River-dominated,
Selegna,39,7,33,36,30,33.0,12348,0.1,24.7,6,River-dominated,
Selegna,40,7,45,49,80,58.0,3539,0.1,7.1,6,River-dominated,
Selegna,41,7,77,40,15,44.0,7173,0.1,14.4,6,River-dominated,
Selegna,42,7,25,33,37,31.7,19853,0.1,39.8,6,River-dominated,
Selegna,43,7,57,70,60,62.3,17849,0.1,35.7,6,River-dominated,
Selegna,44,7,84,81,74,79.7,12564,0.2,25.2,6,River-dominated,
Selegna,45,7,108,170,109,129.0,14893,0.3,29.8,6,River-dominated,
Sinu,1,1,132,137,157,142.0,942,1.0,6.6,3,Wave-influenced,
Sinu,2,2,117,118,133,122.7,1194,0.9,8.4,3,Wave-influenced,
Sinu,3,2,11,13,26,16.7,4338,0.1,30.5,3,Wave-influenced,
Sinu,4,3,57,46,52,51.7,2450,0.4,17.3,3,Wave-influenced,
Sinu,5,3,72,72,100,81.3,2727,0.6,19.2,3,Wave-influenced,
Slave,1,1,1024,1003,833,953.3,96310,1.0,1.0,6,River-dominated,
Slave,2,2,205,173,252,210.0,18216,0.2,0.2,6,River-dominated,
Slave,3,2,768,663,920,783.7,11708,0.8,0.8,6,River-dominated,
Slave,4,3,88,90,91,89.7,8773,0.1,0.1,6,River-dominated,
Slave,5,3,48,69,82,66.3,9183,0.1,0.1,6,River-dominated,
Slave,6,3,319,297,243,286.3,3385,0.3,0.3,6,River-dominated,
Slave,7,3,1116,953,934,1001.0,2340,1.1,1.0,6,River-dominated,
Slave,8,3,20,25,26,23.7,12059,0.0,0.0,6,River-dominated,
Slave,9,4,34,31,38,34.3,8467,0.0,0.0,6,River-dominated,
Slave,10,4,7,74,108,63.0,4493,0.1,0.1,6,River-dominated,
Slave,11,4,33,38,49,40.0,1631,0.0,0.0,6,River-dominated,
Slave,12,4,31,48,38,39.0,1598,0.0,0.0,6,River-dominated,
Slave,13,4,73,72,70,71.7,4440,0.1,0.1,6,River-dominated,
Slave,14,4,17,16,32,21.7,4396,0.0,0.0,6,River-dominated,
Slave,15,4,34,32,37,34.3,2667,0.0,0.0,6,River-dominated,
Slave,16,4,283,272,295,283.3,1621,0.3,0.3,6,River-dominated,
Slave,17,5,35,31,35,33.7,3100,0.0,0.0,6,River-dominated,
Slave,18,5,22,21,24,22.3,5192,0.0,0.0,6,River-dominated,
Volga,1,1,970,903,649,840.7,48075,1.0,57.2,4,River-dominated,
Volga,2,2,609,644,629,627.3,37707,0.7,44.9,4,River-dominated,
Volga,3,3,863,561,496,640.0,34619,0.8,41.2,4,River-dominated,
Volga,4,3,360,351,235,315.3,22606,0.4,26.9,4,River-dominated,
Volga,5,4,116,108,116,113.3,5180,0.1,6.2,4,River-dominated,
Volga,6,4,354,295,360,336.3,14364,0.4,17.1,4,River-dominated,
Volga,7,5,173,182,179,178.0,15173,0.2,18.0,4,River-dominated,
Volga,8,5,206,161,119,162.0,18285,0.2,21.8,4,River-dominated,
Volga,9,4,246,381,371,332.7,30919,0.4,36.8,4,River-dominated,
Volga,10,4,195,201,219,205.0,22309,0.2,26.5,4,River-dominated,
Volga,11,5,107,105,92,101.3,13156,0.1,15.6,4,River-dominated,
Volga,12,5,216,102,59,125.7,10060,0.1,12.0,4,River-dominated,
Volga,13,3,301,257,230,262.7,38283,0.3,45.5,4,River-dominated,
Volga,14,4,119,109,120,116.0,18070,0.1,21.5,4,River-dominated,
Volga,15,4,135,122,72,109.7,17309,0.1,20.6,4,River-dominated,
Volga,16,3,719,645,613,659.0,15133,0.8,18.0,4,River-dominated,
Volga,17,4,709,517,677,634.3,6528,0.8,7.8,4,River-dominated,
Volga,18,4,305,363,316,328.0,33639,0.4,40.0,4,River-dominated,
Volga,19,5,244,162,116,174.0,22841,0.2,27.2,4,River-dominated,
Volga,20,5,65,133,111,103.0,14837,0.1,17.6,4,River-dominated,
Volga,21,5,204,235,145,194.7,13083,0.2,15.6,4,River-dominated,
Volga,22,6,203,154,191,182.7,34519,0.2,41.1,4,River-dominated,
Volga,23,5,219,505,337,353.7,59740,0.4,71.1,4,River-dominated,
Volga,24,6,198,165,142,168.3,7810,0.2,9.3,4,River-dominated,
Volga,25,6,254,187,202,214.3,6873,0.3,8.2,4,River-dominated,
Volga,26,6,285,218,154,219.0,41331,0.3,49.2,4,River-dominated,
Wax Lake,1,1,256,298,435,329.7,2352,1.0,7.1,5,River-dominated,
Wax Lake,2,2,211,402,477,363.3,5000,1.1,15.2,5,River-dominated,
Wax Lake,3,2,460,569,963,664.0,2992,2.0,9.1,5,River-dominated,
Wax Lake,4,3,90,88,104,94.0,1599,0.3,4.9,5,River-dominated,
Wax Lake,5,3,383,264,321,322.7,1978,1.0,6.0,5,River-dominated,
Wax Lake,6,3,1014,1080,997,1030.3,1561,3.1,4.7,5,River-dominated,
Wax Lake,8,3,527,474,506,502.3,1705,1.5,5.2,5,River-dominated,
Wax Lake,9,3,532,432,529,497.7,4301,1.5,13.0,5,River-dominated,
Wax Lake,10,4,90,78,118,95.3,1333,0.3,4.0,5,River-dominated,
Wax Lake,11,4,101,110,136,115.7,990,0.4,3.0,5,River-dominated,
Wax Lake,12,4,340,283,304,309.0,2313,0.9,7.0,5,River-dominated,
Wax Lake,13,4,802,723,771,765.3,1492,2.3,4.5,5,River-dominated,
Wax Lake,14,4,372,419,245,345.3,5627,1.0,17.1,5,River-dominated,
Wax Lake,15,4,174,240,197,203.7,3309,0.6,10.0,5,River-dominated,
Wax Lake,16,4,243,193,117,184.3,1086,0.6,3.3,5,River-dominated,
Wax Lake,17,4,289,322,381,330.7,2292,1.0,7.0,5,River-dominated,
Wax Lake,18,5,58,62,65,61.7,1773,0.2,5.4,5,River-dominated,
Wax Lake,18,5,293,302,366,320.3,1394,1.0,4.2,5,River-dominated,
Wax Lake,19,5,471,460,588,506.3,2550,1.5,7.7,5,River-dominated,
Wax Lake,20,5,175,254,292,240.3,4033,0.7,12.2,5,River-dominated,
Yukon,1,1,1982,5613,3722,3772.3,70118,1.0,18.6,6,Tide-influenced,
Yukon,2,2,4095,3883,3057,3678.3,101717,1.0,27.0,6,Tide-influenced,
Yukon,3,2,1006,1338,2511,1618.3,109111,0.4,28.9,6,Tide-influenced,
Yukon,4,3,2077,4725,4192,3664.7,51805,1.0,13.7,6,Tide-influenced,
Yukon,5,3,753,792,696,747.0,38996,0.2,10.3,6,Tide-influenced,
Yukon,6,3,1711,1238,1876,1608.3,44083,0.4,11.7,6,Tide-influenced,
Yukon,7,3,1163,970,1262,1131.7,9932,0.3,2.6,6,Tide-influenced,
Yukon,8,4,3893,4594,6162,4883.0,21474,1.3,5.7,6,Tide-influenced,
Yukon,9,4,2071,1693,1995,1919.7,18442,0.5,4.9,6,Tide-influenced,
Yukon,10,4,193,385,316,298.0,18173,0.1,4.8,6,Tide-influenced,
Yukon,11,4,1448,1076,1739,1421.0,11518,0.4,3.1,6,Tide-influenced,
Yukon,12,4,1267,2463,2655,2128.3,23834,0.6,6.3,6,Tide-influenced,
Yukon,13,4,455,631,660,582.0,25134,0.2,6.7,6,Tide-influenced,
Yukon,14,4,236,283,736,418.3,75364,0.1,20.0,6,Tide-influenced,
Yukon,15,4,406,521,1117,681.3,73063,0.2,19.4,6,Tide-influenced,
Yukon,16,5,2464,2238,2272,2324.7,12699,0.6,3.4,6,Tide-influenced,
Yukon,17,5,2206,1720,2475,2133.7,17058,0.6,4.5,6,Tide-influenced,
Yukon,18,5,1201,1237,1342,1260.0,2937,0.3,0.8,6,Tide-influenced,
Yukon,19,5,1547,1796,1850,1731.0,2941,0.5,0.8,6,Tide-influenced,
Yukon,20,5,2768,2154,3027,2649.7,8317,0.7,2.2,6,Tide-influenced,
Yukon,21,5,2085,1857,2417,2119.7,7661,0.6,2.0,6,Tide-influenced,
Yukon,22,5,189,266,514,323.0,9243,0.1,2.5,6,Tide-influenced,
Yukon,23,5,327,421,408,385.3,9069,0.1,2.4,6,Tide-influenced,
Yukon,24,5,1248,1907,1687,1614.0,7143,0.4,1.9,6,Tide-influenced,
Yukon,25,5,731,779,777,762.3,4684,0.2,1.2,6,Tide-influenced,
Yukon,26,5,211,405,400,338.7,30046,0.1,8.0,6,Tide-influenced,
Yukon,27,5,181,133,142,152.0,14033,0.0,3.7,6,Tide-influenced,
Yukon,28,5,199,210,552,320.3,26561,0.1,7.0,6,Tide-influenced,
Yukon,29,5,328,448,299,358.3,22977,0.1,6.1,6,Tide-influenced,
Yukon,30,5,1076,1192,542,936.7,14328,0.2,3.8,6,Tide-influenced,
Yukon,31,5,500,341,475,438.7,15308,0.1,4.1,6,Tide-influenced,
Yukon,32,5,104,214,348,222.0,21181,0.1,5.6,6,Tide-influenced,
Yukon,33,7,188,257,231,225.3,3662,0.1,1.0,6,Tide-influenced,
Yukon,34,7,59,75,65,66.3,3775,0.0,1.0,6,Tide-influenced,
Yukon,35,6,174,382,264,273.3,13325,0.1,3.5,6,Tide-influenced,
Yukon,36,6,253,224,259,245.3,2115,0.1,0.6,6,Tide-influenced,
Yukon,37,7,177,374,242,264.3,8870,0.1,2.4,6,Tide-influenced,
Yukon,38,7,486,578,366,476.7,10744,0.1,2.8,6,Tide-influenced,
Yukon,39,6,152,124,266,180.7,13961,0.0,3.7,6,Tide-influenced,
Yukon,40,6,82,123,127,110.7,13807,0.0,3.7,6,Tide-influenced,
Yukon,41,6,125,208,153,162.0,14257,0.0,3.8,6,Tide-influenced,
Yukon,42,6,402,355,428,395.0,13115,0.1,3.5,6,Tide-influenced,
Yukon,43,7,53,70,61,61.3,6211,0.0,1.6,6,Tide-influenced,
Yukon,44,7,134,189,157,160.0,8103,0.0,2.1,6,Tide-influenced,
Yukon,45,7,31,57,47,45.0,5660,0.0,1.5,6,Tide-influenced,
Zambezi,1,1,773.00,1178.00,779.00,910.0,20177.0,1.0,22.2,3,Tide-influenced,
Zambezi,2,2,834,1057,894,928.3,17800.0,1.0,19.6,3,Tide-influenced,
Zambezi,3,2,12,104,867,327.7,74331.0,0.4,81.7,3,Tide-influenced,
Zambezi,4,3,822,561,936,773.0,28854.0,0.8,31.7,3,Tide-influenced,
Zambezi,5,3,311,471,715,499.0,24604.0,0.5,27.0,3,Tide-influenced,
Zambezi,6,4,162,509,383,351.3,12931.0,0.4,14.2,3,Tide-influenced,
Zambezi,7,4,1020,1232,1104,1118.7,13918.0,1.2,15.3,3,Tide-influenced,
